{"Epoch": [1, 2, 3, 4, 5, 1, 2, 3, 4, 5, 1, 2, 3, 4, 5, 1, 2, 3, 1, 2, 3, 1, 2, 3, 1, 2, 3, 1, 2, 3, 1, 2, 3, 1, 2, 3, 1, 2, 3, 1, 2, 3, 1, 2, 3, 1, 2, 3, 1, 2, 3, 1, 2, 3, 1, 2, 3, 4, 5, 6, 7, 8, 9, 10, 1, 2, 3, 4, 5, 6, 7, 8, 9, 10, 1, 2, 3, 1, 2, 3, 1, 2, 3, 1, 2, 3, 4, 5, 6, 7, 8, 9, 10, 11, 12, 13, 14, 15, 16, 17, 18, 19, 20, 21, 22, 23, 24, 25, 26, 27, 28, 29, 30, 31, 32, 33, 34, 35, 36, 37, 38, 39, 40, 41, 42, 43, 44, 45, 46, 47, 48, 49, 50], "Loss": [3.9821937084198, 3.0491247177124023, 2.970067024230957, 2.8587586879730225, 2.7887630462646484, 2.988980293273926, 2.8125176429748535, 2.8174889087677, 2.814196825027466, 2.8873910903930664, 2.7645692825317383, 2.7355291843414307, 2.720067024230957, 2.69315242767334, 2.754034996032715, 2.4232020378112793, 2.4106905460357666, 2.413665294647217, 4.3256120681762695, 2.8100011348724365, 2.6355373859405518, 3.3167338371276855, 2.5900490283966064, 2.549299716949463, 2.4632747173309326, 2.4895505905151367, 2.449707508087158, 2.4740257263183594, 2.4617831707000732, 2.507780075073242, 3.638538360595703, 2.7814040184020996, 2.7272145748138428, 2.7507717609405518, 2.5030055046081543, 2.504948616027832, 2.6475753784179688, 2.5212292671203613, 2.464353084564209, 0.2691769003868103, 0.20784804224967957, 0.18813693523406982, 2.4881906509399414, 2.350054979324341, 2.2818868160247803, 2.2949025630950928, 2.217945098876953, 2.1981821060180664, 2.365567684173584, 2.2793872356414795, 2.3052117824554443, 3.687145709991455, 2.8239781856536865, 2.6561238765716553, 2.726824998855591, 2.485914945602417, 2.479313373565674, 2.420515537261963, 2.444291591644287, 2.387038230895996, 2.4611620903015137, 2.390303373336792, 2.3955705165863037, 2.3821372985839844, 2.27907133102417, 2.2593045234680176, 2.2770001888275146, 2.2837026119232178, 2.257725477218628, 2.239060878753662, 2.2429862022399902, 2.2370262145996094, 2.209979295730591, 2.261906385421753, 3.1229889392852783, 2.5601441860198975, 2.5263376235961914, 2.934804677963257, 2.5991995334625244, 2.5081372261047363, 2.357279062271118, 2.2522456645965576, 2.234506845474243, 2.2990646362304688, 2.244128465652466, 2.2193679809570312, 2.2276337146759033, 2.2221016883850098, 2.2048261165618896, 2.1921026706695557, 2.1454625129699707, 2.181755304336548, 2.1409246921539307, 2.20811128616333, 2.1850016117095947, 2.1101109981536865, 2.1165032386779785, 2.1347005367279053, 2.0915396213531494, 2.0936241149902344, 2.0888874530792236, 2.1390058994293213, 2.146038055419922, 2.061174154281616, 2.056734800338745, 2.0892162322998047, 2.023749589920044, 2.080641031265259, 2.0674972534179688, 2.082573413848877, 2.1002745628356934, 2.0811734199523926, 2.0518150329589844, 2.069390296936035, 2.0542449951171875, 2.0853962898254395, 2.0893259048461914, 2.0585944652557373, 2.0715291500091553, 2.0554075241088867, 2.068626880645752, 2.040678024291992, 2.0319325923919678, 2.048286199569702, 2.051804542541504, 2.0494070053100586, 2.0266265869140625, 2.0763816833496094, 2.0398924350738525, 2.065840721130371, 2.0522923469543457, 1.9866939783096313, 2.0559897422790527], "Training Time": [51.46222339999804, 51.49986059999719, 51.89718189999985, 51.65721570000096, 51.56490280000071, 53.88043330000073, 51.776746399998956, 52.02663979999852, 52.16277279999849, 51.862585599999875, 53.20366659999854, 51.610568899999635, 51.81284909999886, 51.767149499999505, 52.165758399998595, 53.6985222000003, 52.50291730000026, 54.49718819999907, 51.748252800000046, 51.54516810000132, 51.577157499999885, 54.96523209999941, 51.66452659999777, 51.47976729999937, 55.95722190000015, 51.36358560000008, 51.75308470000164, 52.72057549999954, 51.9155462000017, 51.83296560000599, 51.85065580000082, 52.05383000000438, 51.497024399999646, 56.50597890000063, 52.13045150000107, 51.79959439999948, 53.5215446000002, 51.44570950000343, 51.62841970000591, 52.83341500000097, 51.428063100000145, 51.60095949999959, 53.048271799998474, 51.483857200000784, 51.73705350000091, 53.529113500000676, 51.64545760000328, 51.379093000003195, 53.321908700003405, 51.49480059999769, 51.419264700001804, 52.246930900000734, 51.57386389999738, 51.759483299996646, 53.174447899997176, 51.609012599998096, 51.44964820000314, 51.56266759999562, 51.52702959999442, 51.518158799997764, 51.56005939999886, 51.47698649999802, 52.164139699998486, 51.650258299996494, 52.847546899996814, 51.473995600004855, 51.55216569999902, 51.47384130000137, 51.54916940000112, 51.65344250000635, 51.62557950000337, 51.600666099999216, 51.74365419999958, 51.63998770000035, 129.20014520000404, 128.91589260000183, 128.93626960000256, 132.32615970000188, 128.7560472999976, 128.71312430000398, 52.909330800001044, 51.48635099999956, 51.5221418000001, 53.88736559999961, 52.23467240000173, 51.41900629999873, 52.123123999997915, 51.52671790000022, 52.24462660000427, 51.86728479999874, 51.678486700002395, 51.65063830000145, 51.53978940000525, 51.621257500002685, 51.59775439999794, 51.65648849999707, 51.73777759999939, 51.59966669999994, 52.07632179999928, 51.31205819999741, 51.694654200000514, 51.70735149999382, 51.752439799995045, 51.856137700000545, 51.57851319999463, 51.79796920000081, 51.49066850000236, 51.248806600000535, 51.5094007000007, 51.81899220000196, 51.66276330000255, 51.83978329999809, 51.84805489999417, 51.698432400000456, 51.77648739999859, 51.55152900000394, 51.47581050000008, 51.517458400005125, 51.82645110000158, 51.95177440000407, 51.812144100003934, 51.60872470000322, 51.52786010000273, 51.84469060000265, 51.436576799998875, 51.66709339999943, 51.80556069999875, 51.525783799996134, 51.63366539999697, 51.51034539999819, 51.65721040000062, 51.7853957000043, 51.65616279999813],