{"Epoch": [1, 2, 3, 4, 5, 6, 7, 8, 9, 10, 1, 2, 3, 4, 5, 6, 7, 8, 9, 10, 1, 2, 3, 4, 5, 6, 7, 8, 9, 10, 11, 12, 13, 14, 15, 16, 17, 18, 19, 20], "Loss": [3.1487784385681152, 2.8897087574005127, 3.333134651184082, 2.874863862991333, 2.6818010807037354, 2.6383426189422607, 2.6645021438598633, 2.4881701469421387, 2.308342695236206, 2.4871654510498047, 2.4024789333343506, 2.3706154823303223, 2.3148417472839355, 2.2893691062927246, 2.3329739570617676, 2.349674701690674, 2.415724277496338, 2.20715594291687, 2.163717031478882, 2.221259355545044, 2.093306064605713, 2.068464756011963, 2.2404236793518066, 2.4269018173217773, 2.2579710483551025, 2.1077346801757812, 2.305022954940796, 2.2535033226013184, 2.1791701316833496, 2.1860568523406982, 2.173851490020752, 2.234213352203369, 2.1020755767822266, 2.085418462753296, 2.119309425354004, 2.3126308917999268, 1.9517109394073486, 2.217419147491455, 1.9713585376739502, 2.1212306022644043], "Training Time": [8.48376890000145, 8.538192599997274, 10.658365700001013, 8.55222390000199, 8.458125199998904, 8.44726029999947, 8.460764299998118, 8.443944499998906, 8.49015469999722, 8.463735299999826, 8.54046820000076, 8.418883000002097, 8.457833100001153, 8.425548199997138, 8.49480609999955, 8.41203360000145, 8.467326599999069, 8.441251499996724, 8.46117950000189, 8.418863099999726, 8.631059999999707, 8.46234110000296, 8.495921599998837, 8.495962600001803, 8.456587200002105, 8.561798499998986, 8.453441899997415, 8.460105399997701, 8.430074899999454, 8.476859499998682, 8.429052200001024, 8.566136500001448, 8.484947599998122, 8.558881999997539, 8.574001099997986, 8.48723229999814, 8.453683600000659, 8.45469299999968, 8.500476900000649, 8.4467994000006], "SSIM": [0.26665884043489185, 0.32318794301577974, 0.28171926523957935, 0.3835890420845577, 0.45980080536433626, 0.534583078963416, 0.5547297852379935, 0.6122432010514396, 0.6482074431010655, 0.6180444615227836, 0.6353155715124947, 0.6714662483760289, 0.6692101444516864, 0.6523502809660775, 0.6520324775150844, 0.6608721017837524, 0.6551504305430821, 0.668176668030875, 0.6845440353666034, 0.6665060945919582, 0.7087918605123248, 0.6972345284053257, 0.6766140801565987, 0.6364795054708209, 0.6654071893010821, 0.678594810622079, 0.6647413117544991, 0.6902861424854824, 0.6841982092176165, 0.6725996647562299, 0.6944763234683445, 0.686084372656686, 0.690231374331883, 0.6726467183658055, 0.704980628831046, 0.691484238420214, 0.7284815311431885, 0.6894863333020892, 0.7131905811173576, 0.6922659959111895], "PSNR": [9.666116714477539, 9.567612784249443, 9.515156132834298, 11.26170403616769, 11.630671637398857, 14.680728094918388, 15.3112119947161, 16.949839183262416, 17.766967500959122, 19.099237169538224, 17.91413688659668, 20.655526569911412, 19.58214841570173, 15.134418487548828, 19.41516481127058, 17.64041546412877, 16.074319430759974, 19.68177604675293, 20.309933253696986, 19.048566545758927, 22.367968695504324, 22.67173876081194, 19.64019775390625, 17.51152229309082, 20.12205832345145, 20.81060709272112, 18.42170783451625, 21.104528154645646, 21.639415196010045, 21.287384578159877, 21.846466064453125, 21.73167610168457, 22.194154739379883, 21.41133907863072, 20.349230902535574, 18.754058837890625, 20.799645015171595, 21.579170772007533, 21.37440381731306, 21.41147586277553]}