{"Epoch": [1, 2, 3, 4, 5, 1, 2, 3, 4, 5, 1, 2, 3, 4, 5, 1, 2, 3, 1, 2, 3, 1, 2, 3, 1, 2, 3, 1, 2, 3, 1, 2, 3, 1, 2, 3, 1, 2, 3, 1, 2, 3, 1, 2, 3, 1, 2, 3, 1, 2, 3, 1, 2, 3, 1, 2, 3, 4, 5, 6, 7, 8, 9, 10, 1, 2, 3, 4, 5, 6, 7, 8, 9, 10], "Loss": [3.9821937084198, 3.0491247177124023, 2.970067024230957, 2.8587586879730225, 2.7887630462646484, 2.988980293273926, 2.8125176429748535, 2.8174889087677, 2.814196825027466, 2.8873910903930664, 2.7645692825317383, 2.7355291843414307, 2.720067024230957, 2.69315242767334, 2.754034996032715, 2.4232020378112793, 2.4106905460357666, 2.413665294647217, 4.3256120681762695, 2.8100011348724365, 2.6355373859405518, 3.3167338371276855, 2.5900490283966064, 2.549299716949463, 2.4632747173309326, 2.4895505905151367, 2.449707508087158, 2.4740257263183594, 2.4617831707000732, 2.507780075073242, 3.638538360595703, 2.7814040184020996, 2.7272145748138428, 2.7507717609405518, 2.5030055046081543, 2.504948616027832, 2.6475753784179688, 2.5212292671203613, 2.464353084564209, 0.2691769003868103, 0.20784804224967957, 0.18813693523406982, 2.4881906509399414, 2.350054979324341, 2.2818868160247803, 2.2949025630950928, 2.217945098876953, 2.1981821060180664, 2.365567684173584, 2.2793872356414795, 2.3052117824554443, 3.687145709991455, 2.8239781856536865, 2.6561238765716553, 2.726824998855591, 2.485914945602417, 2.479313373565674, 2.420515537261963, 2.444291591644287, 2.387038230895996, 2.4611620903015137, 2.390303373336792, 2.3955705165863037, 2.3821372985839844, 2.27907133102417, 2.2593045234680176, 2.2770001888275146, 2.2837026119232178, 2.257725477218628, 2.239060878753662, 2.2429862022399902, 2.2370262145996094, 2.209979295730591, 2.261906385421753], "Training Time": [51.46222339999804, 51.49986059999719, 51.89718189999985, 51.65721570000096, 51.56490280000071, 53.88043330000073, 51.776746399998956, 52.02663979999852, 52.16277279999849, 51.862585599999875, 53.20366659999854, 51.610568899999635, 51.81284909999886, 51.767149499999505, 52.165758399998595, 53.6985222000003, 52.50291730000026, 54.49718819999907, 51.748252800000046, 51.54516810000132, 51.577157499999885, 54.96523209999941, 51.66452659999777, 51.47976729999937, 55.95722190000015, 51.36358560000008, 51.75308470000164, 52.72057549999954, 51.9155462000017, 51.83296560000599, 51.85065580000082, 52.05383000000438, 51.497024399999646, 56.50597890000063, 52.13045150000107, 51.79959439999948, 53.5215446000002, 51.44570950000343, 51.62841970000591, 52.83341500000097, 51.428063100000145, 51.60095949999959, 53.048271799998474, 51.483857200000784, 51.73705350000091, 53.529113500000676, 51.64545760000328, 51.379093000003195, 53.321908700003405, 51.49480059999769, 51.419264700001804, 52.246930900000734, 51.57386389999738, 51.759483299996646, 53.174447899997176, 51.609012599998096, 51.44964820000314, 51.56266759999562, 51.52702959999442, 51.518158799997764, 51.56005939999886, 51.47698649999802, 52.164139699998486, 51.650258299996494, 52.847546899996814, 51.473995600004855, 51.55216569999902, 51.47384130000137, 51.54916940000112, 51.65344250000635, 51.62557950000337, 51.600666099999216, 51.74365419999958, 51.63998770000035], "SSIM": [0.2798318729363382, 0.3621727406978607, 0.3633548218011856, 0.3737017530202866, 0.3883385372161865, 0.3642419266700745, 0.3847458869218826, 0.38316357374191284, 0.39029954314231874, 0.37779081881046295, 0.3898703110218048, 0.3973708152770996, 0.40094182908535003, 0.4066543418169022, 0.40317620515823366, 0.40326387584209444, 0.39935137450695035, 0.4006827503442764, 0.26331519562751055, 0.3362607723474503, 0.3597584396600723, 0.3022449764050543, 0.36262928783893583, 0.3607248902320862, 0.3709443062543869, 0.3700850915908813, 0.37801876068115237, 0.37554219901561736, 0.3743367856740952, 0.36364432871341706, 0.078217136063613, 0.15208180278539657, 0.19103099763393402, 0.23061934888362884, 0.2620838850736618, 0.2815727359056473, 0.28317500054836275, 0.29230198949575426, 0.2935803958773613, 0.46164609491825104, 0.5843038201332093, 0.6237261712551116, 0.4972431319952011, 0.5014937007427216, 0.5151779246330261, 0.5307016903162003, 0.5260654908418655, 0.52398108959198, 0.5046173596382141, 0.5329726469516755, 0.5265626257658005, 0.1186180064547807, 0.19388059437274932, 0.2304360744357109, 0.263670306801796, 0.2849268001317978, 0.29220568388700485, 0.313296876847744, 0.3246577310562134, 0.33334819972515106, 0.33333400547504427, 0.3418855631351471, 0.34605102241039276, 0.36214812099933624, 0.4029563522338867, 0.41048625886440276, 0.41978598237037656, 0.41931397676467896, 0.4307814300060272, 0.4346922743320465, 0.44316428184509277, 0.4460466885566711, 0.45532771944999695, 0.4488017112016678], "PSNR": [8.017538390159608, 9.926991691589356, 9.397777833938598, 10.006690320968628, 10.11938081741333, 8.447973971366883, 9.871962432861329, 10.194404706954955, 10.35068645477295, 9.957703342437744, 10.413105278015136, 10.836317443847657, 11.08235673904419, 11.062326259613037, 11.177650623321533, 10.689291000366211, 10.930432243347168, 10.87214340209961, 4.480048268735409, 8.254478282928467, 8.738203220367431, 5.796110280156135, 8.012710647583008, 9.596495065689087, 10.27002712249756, 10.430975494384766, 10.33728536605835, 10.256637859344483, 10.4740212059021, 10.350748462677002, 5.159304795265197, 4.9803829097747805, 4.888348188400268, 5.210097093582153, 5.786834621429444, 6.025835599899292, 5.470408239364624, 5.710448122024536, 5.267693929672241, 7.32323655128479, 6.5365822315216064, 11.49873390197754, 11.100278968811034, 11.60124641418457, 12.143666400909424, 11.427485790252685, 11.040653686523438, 10.628269309997558, 10.306678552627563, 12.7895778465271, 12.881531524658204, 7.500580739974976, 7.419099359512329, 7.283734951019287, 7.953903379440308, 8.410468921661376, 8.678640031814576, 8.696115074157715, 9.264395713806152, 9.217367610931397, 9.422070388793946, 9.403860111236572, 9.570777053833007, 9.767887592315674, 10.467251663208009, 11.117341079711913, 11.452896137237548, 11.778311939239503, 12.097081832885742, 12.223715324401855, 12.865973472595215, 13.050461750030518, 13.162369918823241, 13.595186023712158]}