{"Epoch": [1, 2, 1, 2, 3, 4, 5, 6, 7, 8, 9, 10, 1, 2, 3, 4, 5, 6, 7, 8, 9, 10, 1, 2, 3, 4, 5, 6, 7, 8, 9, 10, 1, 2, 3, 4, 5, 6, 7, 8, 9, 10, 1, 2, 3, 4, 5, 6, 7, 8, 9, 10, 11, 12, 13, 14, 15, 16, 17, 18, 19, 20, 1, 2, 3, 4, 5, 6, 7, 8, 9, 10], "Loss": [3.1202423572540283, 3.002516508102417, 2.9022343158721924, 2.5916974544525146, 2.4166502952575684, 2.4012458324432373, 2.3096165657043457, 2.3109047412872314, 2.1957459449768066, 2.283849000930786, 2.2297587394714355, 2.2347445487976074, 2.146265983581543, 2.2996575832366943, 2.19209623336792, 2.2904648780822754, 2.2951955795288086, 2.159172773361206, 2.113560676574707, 2.2613258361816406, 2.239000082015991, 2.151804208755493, 2.207287311553955, 2.226445436477661, 2.171142578125, 2.2495999336242676, 2.1212339401245117, 2.0784807205200195, 2.0409884452819824, 2.1132326126098633, 2.1245434284210205, 2.2629499435424805, 2.186365842819214, 2.117696523666382, 2.156501054763794, 2.2939372062683105, 2.090332508087158, 2.035177707672119, 1.9871299266815186, 2.2765746116638184, 2.1728601455688477, 2.0258615016937256, 2.1928069591522217, 2.2138919830322266, 1.9399901628494263, 2.0904130935668945, 2.1232705116271973, 2.1270663738250732, 1.94998037815094, 2.013087749481201, 2.2055015563964844, 2.0595293045043945, 2.1923604011535645, 1.994001865386963, 2.123668909072876, 1.893968939781189, 2.149596691131592, 2.1058602333068848, 2.1528825759887695, 2.016469955444336, 2.0574657917022705, 2.134730100631714, 2.092273473739624, 2.0215203762054443, 2.1990249156951904, 2.1812305450439453, 1.9942741394042969, 2.1117942333221436, 2.157517194747925, 2.031785726547241, 2.140017032623291, 1.985595464706421], "Training Time": [8.473453200000222, 8.458900800000265, 8.507597499999974, 8.445609800000966, 8.484953600000154, 8.470615400001407, 8.425560899999255, 8.730616600001667, 8.480586899997434, 8.48308729999917, 8.628082800001721, 8.65204189999713, 8.538102700000309, 8.477864500000578, 8.428533099999186, 8.465824200000498, 8.501982400000998, 8.45482439999978, 8.471377499998198, 8.465454900000623, 8.476145099997666, 8.483315500001481, 8.604583500000444, 8.442891099999542, 8.434692399998312, 8.469940099999803, 8.488333400000556, 8.490161099998659, 8.47437219999847, 8.466328299997258, 8.505806799999846, 8.487820199999987, 8.526973699998052, 8.604711600000883, 8.511268799997197, 8.594339499999478, 8.454052399996726, 8.492041199999221, 8.456565399999818, 8.48996459999762, 8.544733800001268, 8.476438400000916, 8.427288300001237, 8.434747800001787, 8.407376499999373, 8.4258860000009, 8.397750500000257, 8.449012699999003, 8.404970200001117, 8.405977500002336, 8.399955500000942, 8.407605900003546, 8.424727300000086, 8.414906699999847, 8.395436200000404, 8.423269099999743, 8.404271100000187, 8.436335300000792, 8.473593999999139, 8.434842499998922, 8.455102199997782, 8.417618600000424, 8.507864300001529, 8.424315100000968, 8.425670299999183, 8.412471600000572, 8.416082400002779, 8.409851399999752, 8.408401300002879, 8.401294499999494, 8.40982079999958, 8.435594700000365], "SSIM": [0.3521379956177303, 0.3951392684664045, 0.5003069979803902, 0.581821620464325, 0.6275161589894976, 0.6541222929954529, 0.655482258115496, 0.6681916117668152, 0.6804305059569222, 0.657054466860635, 0.6778639299528939, 0.6741518378257751, 0.6984598210879734, 0.664770781993866, 0.7060083065714154, 0.6634253348623004, 0.6706990684781756, 0.7015764542988369, 0.7101037672587803, 0.674730624471392, 0.6712946806635175, 0.7065627745219639, 0.6857039502688816, 0.6803834949220929, 0.6984764337539673, 0.6870736905506679, 0.6851243717329842, 0.7053864427975246, 0.7160039969852993, 0.6974413820675441, 0.6942754132407052, 0.6768226538385663, 0.6951689038957868, 0.6939807193619865, 0.6867619667734418, 0.682528555393219, 0.710212060383388, 0.7181961280958993, 0.7295727814946856, 0.6747663021087646, 0.6777306624821254, 0.7045246277536664, 0.678838346685682, 0.6967339089938572, 0.7205868022782462, 0.7013853703226361, 0.6966606889452253, 0.7006910869053432, 0.7252018281391689, 0.7263154898371015, 0.6932500856263297, 0.7106317026274545, 0.6880215406417847, 0.7141998921121869, 0.6973638789994376, 0.7344480497496468, 0.7024719544819423, 0.7060629384858268, 0.69935656445367, 0.7186143313135419, 0.7034372346741813, 0.6960222465651376, 0.7204093933105469, 0.7063684122903007, 0.6905640108244759, 0.6886532391820636, 0.7206620829445975, 0.7046055453164237, 0.7107119134494236, 0.7233219402176994, 0.7036111695425851, 0.7153852752276829], "PSNR": [8.614433561052595, 13.651393481663295, 14.956052643912178, 18.201063428606307, 18.66481331416539, 20.814674377441406, 19.423485892159597, 20.389289583478654, 21.243968418666295, 21.082069669451034, 21.45736367361886, 20.531763076782227, 21.410508837018693, 21.89855412074498, 21.838411603655135, 21.0494875226702, 21.855218614850724, 21.80895914350237, 22.10727855137416, 22.315638405936106, 20.980635234287806, 22.50755855015346, 21.71273286002023, 21.563840048653738, 22.6151545388358, 21.796041216169083, 21.789186477661133, 22.14152227129255, 22.380876813616073, 22.21777207510812, 22.355841772896902, 21.6541200365339, 22.39657184055873, 22.046059199741908, 21.489849090576172, 21.48227964128767, 22.476150240216935, 22.319317953927175, 22.92688533238002, 21.82714217049735, 21.96680532182966, 23.126231602260045, 19.543861661638534, 22.076831545148575, 23.033087594168528, 22.023270198277064, 20.87944575718471, 22.64974103655134, 23.072279248918807, 22.60549327305385, 22.07360976082938, 22.069746017456055, 22.00433213370187, 22.425380979265487, 22.275290897914342, 23.423704419817245, 21.95220102582659, 22.90890393938337, 22.442093985421316, 22.686906814575195, 22.2151061466762, 21.601969037737167, 23.03092384338379, 22.672382354736328, 22.276855196271622, 22.258995601109095, 22.926759447370255, 22.877702713012695, 22.87661443437849, 22.459137507847377, 23.053174700055802, 22.496282032557897]}