{"Epoch": [1, 2, 3, 4, 5, 6, 7, 8, 9, 10, 1, 2, 3, 4, 5, 6, 7, 8, 9, 10, 1, 2, 3, 4, 5, 6, 7, 8, 9, 10, 1, 2, 3, 4, 5, 6, 7, 8, 9, 10, 1, 2, 3, 4, 5, 6, 7, 8, 9, 10, 1, 2, 3, 4, 5, 6, 7, 8, 9, 10, 11, 12, 13, 14, 15, 16, 17, 18, 19, 20, 1, 2, 3, 4, 5, 6, 7, 8, 9, 10, 11, 12, 13, 14, 15, 16, 17, 18, 19, 20, 1, 2, 3, 4, 5, 6, 7, 8, 9, 10, 11, 12, 13, 14, 15, 16, 17, 18, 19, 20, 1, 2, 3, 4, 5, 6, 7, 8, 9, 10, 11, 12, 13, 14, 15, 16, 17, 18, 19, 20, 1, 2, 3, 4, 5, 6, 7, 8, 9, 10, 11, 12, 13, 14, 15, 16, 17, 18, 19, 20, 21, 22, 23, 24, 25, 26, 27, 28, 29, 30], "Loss": [16.93531036376953, 16.740272521972656, 16.161205291748047, 14.3804292678833, 13.065081596374512, 13.378725051879883, 12.749592781066895, 12.961114883422852, 11.342451095581055, 12.795262336730957, 16.214353561401367, 13.022345542907715, 13.21850872039795, 13.358834266662598, 13.29006576538086, 11.611612319946289, 11.452958106994629, 12.19381332397461, 12.221841812133789, 10.881587982177734, 12.040302276611328, 11.284696578979492, 10.74494743347168, 11.7996187210083, 10.921160697937012, 10.561162948608398, 10.499693870544434, 11.140636444091797, 11.138212203979492, 10.620002746582031, 10.684952735900879, 10.263556480407715, 11.233447074890137, 10.062616348266602, 9.983552932739258, 10.302556991577148, 10.901639938354492, 9.23289966583252, 10.801504135131836, 10.597503662109375, 10.496380805969238, 9.76895809173584, 9.743282318115234, 9.20031452178955, 9.524946212768555, 10.319737434387207, 9.701354026794434, 10.65621566772461, 10.235989570617676, 10.132052421569824, 11.809795379638672, 9.138014793395996, 9.710067749023438, 9.46249771118164, 10.605524063110352, 9.885416030883789, 10.640682220458984, 10.390707015991211, 9.983577728271484, 10.165275573730469, 9.033000946044922, 9.329360961914062, 9.6021089553833, 10.579358100891113, 9.495505332946777, 9.931474685668945, 10.247580528259277, 9.063291549682617, 9.933727264404297, 10.465954780578613, 9.790084838867188, 10.490009307861328, 8.859670639038086, 10.484126091003418, 11.007381439208984, 9.392301559448242, 9.772791862487793, 11.038134574890137, 10.303504943847656, 9.786861419677734, 10.481317520141602, 9.143070220947266, 9.861198425292969, 10.026869773864746, 9.901796340942383, 8.98408317565918, 9.961443901062012, 9.317608833312988, 9.422409057617188, 9.967018127441406, 9.71585750579834, 10.08769416809082, 9.59295654296875, 9.994522094726562, 9.827093124389648, 9.596171379089355, 10.544191360473633, 9.769309997558594, 8.37200927734375, 9.448654174804688, 9.445178985595703, 8.847036361694336, 9.317171096801758, 10.047865867614746, 9.300580024719238, 9.058039665222168, 9.651012420654297, 9.198883056640625, 10.504119873046875, 10.040623664855957, 10.04349422454834, 8.839098930358887, 10.554195404052734, 9.629310607910156, 9.143620491027832, 10.0906400680542, 8.346301078796387, 9.854206085205078, 9.965951919555664, 9.152154922485352, 10.079360008239746, 10.336581230163574, 8.8785400390625, 10.142224311828613, 9.93479061126709, 9.868104934692383, 9.751583099365234, 9.861613273620605, 8.721631050109863, 10.379024505615234, 8.85387897491455, 9.82957935333252, 8.717253684997559, 9.418121337890625, 9.04806137084961, 7.652139186859131, 9.444068908691406, 9.869213104248047, 10.560030937194824, 8.639890670776367, 9.156543731689453, 9.297672271728516, 8.130168914794922, 9.562726974487305, 9.591611862182617, 9.816832542419434, 8.041873931884766, 9.681434631347656, 10.217714309692383, 9.127814292907715, 9.874361038208008, 8.68760871887207, 9.792340278625488, 9.229400634765625, 9.061086654663086, 9.291181564331055, 8.911303520202637, 8.83741569519043, 10.872063636779785, 9.437370300292969], "Training Time": [8.952811099996325, 8.98081729997648, 8.90931700001238, 8.926120799966156, 9.021699300035834, 8.865933900000528, 8.96032940002624, 9.103823699988425, 9.199624700006098, 8.98908610001672, 21.375490300008096, 15.429756099998485, 10.549853400036227, 10.78699630004121, 10.650865800038446, 10.703224800003227, 16.94169690000126, 16.799595099990256, 21.893642099981662, 21.537082399998326, 21.058896300033666, 22.596386999997776, 21.778197800042108, 20.813995599979535, 21.759031200024765, 17.75508680002531, 20.89365550002549, 22.945954199996777, 22.813051200006157, 18.495171000016853, 16.45810630003689, 21.249440199986566, 21.047665899968706, 20.591589899966493, 18.102927699976135, 23.784532800025772, 15.436568499950226, 20.878730199998245, 16.570685600047, 17.72638139995979, 20.65877159999218, 19.738382900017314, 23.68763439997565, 15.223200999957044, 10.362545199983288, 13.361391599988565, 20.316050599969458, 15.946492600021884, 21.109666600008495, 19.14484000002267, 21.187587399967015, 20.77952360000927, 23.27991480001947, 21.149508300004527, 20.816558900056407, 21.370102200016845, 20.65437619999284, 20.281576099980157, 22.22167190001346, 20.55776379996678, 20.48925910005346, 27.842623899981845, 21.371606100001372, 21.44732879998628, 20.510254200024065, 19.542879900021944, 10.609924899996258, 10.092915899993386, 10.009713299979921, 10.241626199975144, 21.54756490001455, 20.456226099980995, 20.940522000018973, 20.716048799979035, 27.695043099985924, 21.07119839999359, 21.367039599979762, 20.941745800024364, 20.38106580002932, 21.3600957999588, 20.318964200036135, 20.3322953999741, 20.43091190000996, 20.714022600033786, 21.36442190001253, 21.09223289997317, 11.610110899957363, 9.13172319997102, 9.39153309998801, 9.151970900013112, 20.60279180004727, 20.335720400034916, 20.434311300050467, 20.381587200041395, 20.27600979997078, 24.019107799977064, 20.1802699000109, 20.396618099999614, 20.593734099995345, 20.207875000021886, 20.346781399974134, 19.874571199994534, 20.55561250000028, 20.68509310000809, 20.45425119996071, 20.79575879999902, 21.54641900002025, 21.174792499979958, 20.394451100029983, 20.21747899998445, 20.329476599988993, 19.950045300007332, 20.320991200045682, 20.64868889999343, 20.11201979999896, 20.814223199966364, 20.62378650001483, 20.349474199989345, 20.411031000025105, 21.172188399999868, 20.6534823999973, 20.190440400037915, 20.065791000030003, 21.1893041000003, 20.929579000046942, 24.107693700003438, 21.08550240000477, 48.722985000000335, 28.491964699991513, 21.55327869998291, 22.29109299997799, 21.134011299989652, 20.274823699961416, 23.87861229997361, 20.99230440001702, 21.651211099990178, 31.51909080002224, 26.97832729999209, 21.02220850001322, 27.21256449999055, 24.12265579996165, 20.74867100000847, 20.653681299998425, 30.128576299990527, 52.28677929996047, 21.70130989997415, 20.39327359996969, 21.060536799952388, 23.07285439997213, 22.10474580002483, 21.956403999996837, 20.788226900040172, 10.409511400037445, 15.169646299968008, 11.116968300018925, 21.830575500032865, 11.774422299989965, 10.529652299999725, 10.867526600020938, 9.181337199988775],