{"Epoch": [1, 2, 3, 4, 5, 6, 7, 8, 9, 10, 1, 2, 3, 4, 5, 6, 7, 8, 9, 10, 1, 2, 3, 4, 5, 6, 7, 8, 9, 10, 11, 12, 13, 14, 15, 16, 17, 18, 19, 20], "Loss": [3.6724138259887695, 2.9202380180358887, 2.871577501296997, 2.805323362350464, 2.7065558433532715, 2.568403959274292, 2.4937188625335693, 2.4632298946380615, 2.4523162841796875, 2.372804641723633, 2.473503828048706, 2.325397491455078, 2.301988363265991, 2.2819409370422363, 2.3109583854675293, 2.264946460723877, 2.2225563526153564, 2.2465057373046875, 2.221054792404175, 2.216116428375244, 2.2997663021087646, 2.2136282920837402, 2.1889848709106445, 2.20627498626709, 2.151082754135132, 2.1576108932495117, 2.159491539001465, 2.2192201614379883, 2.1218159198760986, 2.176194667816162, 2.148668050765991, 2.116544246673584, 2.147571563720703, 2.1391873359680176, 2.1320455074310303, 2.155470848083496, 2.104344367980957, 2.1469483375549316, 2.1519100666046143, 2.095182418823242], "Training Time": [51.85211329999947, 51.493073800000275, 51.92167010000048, 51.551160200000595, 51.50615800000014, 51.34455969999908, 51.37252829999852, 51.38980459999948, 51.42801580000014, 51.39249619999828, 52.94847160000063, 51.43439839999701, 51.299952499997744, 51.227034899999126, 51.26064789999873, 51.33385370000178, 51.206445100000565, 51.17281499999808, 51.24241240000265, 51.35806269999739, 53.11208990000159, 51.922593700001016, 51.56972559999849, 51.459777800002485, 51.44200980000096, 51.60343189999912, 51.53072429999884, 51.46091300000262, 51.40852989999985, 51.48132380000243, 51.69322080000347, 51.471107199999096, 51.62603500000114, 51.491534700002376, 52.03194359999907, 51.836839300001884, 51.41780160000053, 51.45205370000258, 51.4915714000017, 51.50271319999956], "SSIM": [0.16920498981140553, 0.30803300857543947, 0.3419350445270538, 0.3849183160066605, 0.4334128874540329, 0.5120453119277955, 0.5624417185783386, 0.6024771475791931, 0.6116225099563599, 0.6282805287837983, 0.6147581493854523, 0.6506557953357697, 0.6595808517932892, 0.6598705923557282, 0.6594886434078217, 0.6639028286933899, 0.6693284726142883, 0.667829657793045, 0.6692709767818451, 0.6712026560306549, 0.6519457304477692, 0.666075599193573, 0.6784636378288269, 0.6714041376113892, 0.681587072610855, 0.6834149026870727, 0.6832035088539123, 0.6771317970752716, 0.6864671015739441, 0.6814161241054535, 0.6806871557235717, 0.687768714427948, 0.6829420030117035, 0.6885448920726777, 0.6891312718391418, 0.6817161428928376, 0.6878973162174224, 0.6839686000347137, 0.6813487792015076, 0.6993954610824585], "PSNR": [9.038864426612854, 9.067824745178223, 9.518917503356933, 10.358909225463867, 11.429801025390624, 13.09696258544922, 14.583658771514893, 16.14338970184326, 17.523869800567628, 17.72686285018921, 16.24496908187866, 18.436187896728516, 18.808232688903807, 18.395674629211427, 19.211010417938233, 18.888563117980958, 19.385892868041992, 19.183443565368652, 19.63372814178467, 19.358012142181398, 18.727220439910887, 18.92113498687744, 19.087583084106445, 19.826984329223635, 19.477089767456054, 19.980344619750976, 19.99096046447754, 19.88923194885254, 20.114551010131837, 19.868283920288086, 19.941953296661378, 20.09858211517334, 19.980861740112303, 20.210393753051758, 20.447700119018556, 19.589507751464843, 20.347414360046386, 19.975090274810793, 20.17413486480713, 20.546161651611328]}