{"Epoch": [1, 2, 3, 4, 5, 6, 7, 8, 9, 10, 1, 2, 3, 4, 5, 6, 7, 8, 9, 10, 1, 2, 3, 4, 5, 6, 7, 8, 9, 10, 1, 2, 3, 4, 5, 6, 7, 8, 9, 10, 1, 2, 3, 4, 5, 6, 7, 8, 9, 10, 11, 12, 13, 14, 15, 16, 17, 18, 19, 20], "Loss": [1.3369683027267456, 1.049248456954956, 1.0557117462158203, 0.9287238121032715, 0.8760126829147339, 0.8812176585197449, 0.8630806803703308, 0.8516315817832947, 0.8405925631523132, 0.8147093653678894, 0.8527138233184814, 0.80342698097229, 0.8145592212677002, 0.7961640954017639, 0.799945592880249, 0.7612621784210205, 0.7775654196739197, 0.750698983669281, 0.7467398047447205, 0.7304282784461975, 0.7593995332717896, 0.7497227191925049, 0.7439507246017456, 0.7361510396003723, 0.7506458163261414, 0.7602618336677551, 0.733857274055481, 0.7408474087715149, 0.7581924200057983, 0.7507902979850769, 0.7407425045967102, 0.7312240600585938, 0.6966217756271362, 0.7572232484817505, 0.7355718016624451, 0.7257856726646423, 0.7171974182128906, 0.7353649735450745, 0.7501083016395569, 0.7417516112327576, 0.7239298820495605, 0.7234837412834167, 0.7143476009368896, 0.73380047082901, 0.7271259427070618, 0.7060866951942444, 0.7420943975448608, 0.7340461015701294, 0.6893779635429382, 0.7345219850540161, 0.7352423071861267, 0.7245603799819946, 0.7238903045654297, 0.7384254932403564, 0.7242169976234436, 0.7210482358932495, 0.7304704189300537, 0.7300083041191101, 0.7564696073532104, 0.7127895355224609], "Training Time": [87.77245539997239, 54.79538849997334, 53.55890939995879, 53.73559679999016, 54.797188800002914, 55.686214499990456, 54.888522999943234, 56.15016949997516, 57.818030300026294, 59.74188710004091, 70.45639899995876, 93.23917030001758, 66.46883359999629, 67.52339109999593, 65.06116000004113, 68.52989950001938, 69.30861380003626, 65.7044061999768, 86.51585440000053, 90.00629310001386, 136.73663010000018, 80.02240790001815, 67.59177130000899, 72.43022679997375, 64.55441380001139, 63.54858429997694, 64.16614929999923, 61.78251569997519, 62.567184299987275, 62.5403564000153, 81.0809815999819, 67.3783853999339, 67.70167670003138, 69.0071190999588, 69.9432797000045, 63.75950909999665, 67.54059689992573, 68.3093446000712, 63.64527730003465, 87.00608429999556, 71.2779378000414, 77.2586288000457, 65.8321147999959, 65.46165509999264, 66.40726200002246, 62.260977900004946, 62.412414800026454, 63.88307660003193, 69.85633139999118, 63.169603100046515, 63.006517199915834, 61.282372200046666, 60.99557379994076, 64.95383279991802, 62.18002239998896, 60.861800299957395, 60.6553812000202, 159.25301510002464, 84.57218240003567, 61.12932079995517], "SSIM": [0.03278968743048608, 0.06448349807411433, 0.11013011842966079, 0.25676982045173646, 0.31647861063480376, 0.33571438133716586, 0.41194348156452176, 0.49988944828510284, 0.5325580716133118, 0.5392233103513717, 0.5249316596984863, 0.5958021330833435, 0.6071853041648865, 0.6118992018699646, 0.6124097001552582, 0.6238946461677551, 0.6343674063682556, 0.6355451548099518, 0.6363858234882355, 0.6437669253349304, 0.6207317090034485, 0.633600902557373, 0.6381321203708649, 0.6464247190952301, 0.6487876784801483, 0.6512218153476715, 0.6574567329883575, 0.6643540859222412, 0.6713306212425232, 0.6709204745292664, 0.6731189060211181, 0.6790855491161346, 0.6832451725006103, 0.6735992574691773, 0.6778124976158142, 0.6846527516841888, 0.6812555480003357, 0.6799546313285828, 0.6737220203876495, 0.6772313177585602, 0.687315331697464, 0.6891536045074463, 0.6855915069580079, 0.6816841924190521, 0.6816351056098938, 0.6908410012722015, 0.6782493031024933, 0.6819362580776215, 0.6924761605262756, 0.6857646119594574, 0.6843823623657227, 0.6932532203197479, 0.688173600435257, 0.6837725746631622, 0.6865262293815613, 0.6881002020835877, 0.6835621559619903, 0.6864825987815857, 0.6755573892593384, 0.6920299875736237], "PSNR": [5.326000620126724, 6.079175443649292, 6.344489974975586, 7.805557060241699, 8.663108501434326, 9.584403848648071, 10.413408460617065, 12.442319412231445, 13.433769130706787, 14.210109481811523, 12.900576238632203, 16.54792881011963, 17.937107429504394, 19.736580619812013, 20.547138710021972, 20.711196517944337, 20.50851089477539, 21.74064929962158, 22.071327095031737, 20.845492362976074, 20.234281005859376, 22.245731391906737, 22.524312210083007, 22.455353393554688, 22.56456470489502, 22.793126792907714, 22.94893409729004, 22.853593673706055, 22.671560287475586, 22.689949798583985, 23.256768417358398, 23.568953590393065, 23.717475776672362, 23.382250556945802, 23.536078262329102, 23.705400199890136, 23.696920623779295, 23.554787254333498, 23.372132835388182, 23.566515007019042, 23.549691734313964, 23.585503845214845, 23.81637996673584, 23.665615272521972, 23.65230079650879, 23.957349052429198, 23.619728088378906, 23.814991607666016, 24.0696533203125, 23.75322292327881, 23.58214687347412, 23.63959503173828, 23.675387992858887, 23.454138145446777, 23.726062889099122, 23.67045166015625, 23.672852401733397, 23.750794105529785, 23.487407989501953, 23.95213665008545]}