{"Epoch": [1, 2, 3, 4, 5, 6, 7, 8, 9, 10, 1, 2, 3, 4, 5, 6, 7, 8, 9, 10, 1, 2, 3, 4, 5, 6, 7, 8, 9, 10, 1, 2, 3, 4, 5, 6, 7, 8, 9, 10, 1, 2, 3, 4, 5, 6, 7, 8, 9, 10, 11, 12, 13, 14, 15, 16, 17, 18, 19, 20, 1, 2, 3, 4, 5, 6, 7, 8, 9, 10, 11, 12, 13, 14, 15, 16, 17, 18, 19, 20, 1, 2, 3, 4, 5, 6, 7, 8, 9, 10, 11, 12, 13, 14, 15, 16, 17, 18, 19, 20, 1, 2, 3, 4, 5, 6, 7, 8, 9, 10, 11, 12, 13, 14, 15, 16, 17, 18, 19, 20], "Loss": [1.3369683027267456, 1.049248456954956, 1.0557117462158203, 0.9287238121032715, 0.8760126829147339, 0.8812176585197449, 0.8630806803703308, 0.8516315817832947, 0.8405925631523132, 0.8147093653678894, 0.8527138233184814, 0.80342698097229, 0.8145592212677002, 0.7961640954017639, 0.799945592880249, 0.7612621784210205, 0.7775654196739197, 0.750698983669281, 0.7467398047447205, 0.7304282784461975, 0.7593995332717896, 0.7497227191925049, 0.7439507246017456, 0.7361510396003723, 0.7506458163261414, 0.7602618336677551, 0.733857274055481, 0.7408474087715149, 0.7581924200057983, 0.7507902979850769, 0.7407425045967102, 0.7312240600585938, 0.6966217756271362, 0.7572232484817505, 0.7355718016624451, 0.7257856726646423, 0.7171974182128906, 0.7353649735450745, 0.7501083016395569, 0.7417516112327576, 0.7239298820495605, 0.7234837412834167, 0.7143476009368896, 0.73380047082901, 0.7271259427070618, 0.7060866951942444, 0.7420943975448608, 0.7340461015701294, 0.6893779635429382, 0.7345219850540161, 0.7352423071861267, 0.7245603799819946, 0.7238903045654297, 0.7384254932403564, 0.7242169976234436, 0.7210482358932495, 0.7304704189300537, 0.7300083041191101, 0.7564696073532104, 0.7127895355224609, 0.7205483317375183, 0.7271318435668945, 0.7101432085037231, 0.7459689974784851, 0.6912161707878113, 0.7339320778846741, 0.736957848072052, 0.7153396606445312, 0.7282156944274902, 0.7113872170448303, 0.73941570520401, 0.7183483839035034, 0.70394366979599, 0.7299407720565796, 0.7276405096054077, 0.7123215794563293, 0.7201871275901794, 0.7188171148300171, 0.7187427282333374, 0.7125604152679443, 0.7278271913528442, 0.7153760194778442, 0.7021626830101013, 0.710629403591156, 0.7111691832542419, 0.7175391912460327, 0.7082874774932861, 0.7154560089111328, 0.7153542637825012, 0.7157858610153198, 0.7180905938148499, 0.7217889428138733, 0.7219225764274597, 0.7253962755203247, 0.722642183303833, 0.7107257843017578, 0.7272436618804932, 0.6847862005233765, 0.7200301885604858, 0.7320818305015564, 0.2637242376804352, 0.2598830461502075, 0.2596571147441864, 0.25599420070648193, 0.2602892518043518, 0.25663110613822937, 0.2568172514438629, 0.25629913806915283, 0.25566571950912476, 0.25447389483451843, 0.25627413392066956, 0.25943613052368164, 0.2550337612628937, 0.25775423645973206, 0.2566097676753998, 0.2566170394420624, 0.2557145357131958, 0.2595922648906708, 0.2575187385082245, 0.2554456889629364], "Training Time": [87.77245539997239, 54.79538849997334, 53.55890939995879, 53.73559679999016, 54.797188800002914, 55.686214499990456, 54.888522999943234, 56.15016949997516, 57.818030300026294, 59.74188710004091, 70.45639899995876, 93.23917030001758, 66.46883359999629, 67.52339109999593, 65.06116000004113, 68.52989950001938, 69.30861380003626, 65.7044061999768, 86.51585440000053, 90.00629310001386, 136.73663010000018, 80.02240790001815, 67.59177130000899, 72.43022679997375, 64.55441380001139, 63.54858429997694, 64.16614929999923, 61.78251569997519, 62.567184299987275, 62.5403564000153, 81.0809815999819, 67.3783853999339, 67.70167670003138, 69.0071190999588, 69.9432797000045, 63.75950909999665, 67.54059689992573, 68.3093446000712, 63.64527730003465, 87.00608429999556, 71.2779378000414, 77.2586288000457, 65.8321147999959, 65.46165509999264, 66.40726200002246, 62.260977900004946, 62.412414800026454, 63.88307660003193, 69.85633139999118, 63.169603100046515, 63.006517199915834, 61.282372200046666, 60.99557379994076, 64.95383279991802, 62.18002239998896, 60.861800299957395, 60.6553812000202, 159.25301510002464, 84.57218240003567, 61.12932079995517, 198.9316220000619, 61.58381229999941, 118.92318139993586, 71.76511780009605, 66.08721220004372, 65.07106559991371, 70.95680270006415, 63.937293700058945, 61.35865220008418, 80.80922639998607, 62.81611160002649, 63.82774940005038, 61.30947640002705, 62.864956700010225, 61.9507023000624, 59.76972930005286, 72.90005779999774, 59.9494639999466, 64.79150780010968, 58.0589499999769, 70.91025340009946, 63.74014640005771, 63.316375299938954, 64.15751829999499, 64.55882360006217, 85.18928659998346, 65.53806439996697, 65.04105779994279, 63.819354900042526, 62.760524500044994, 70.03489759995136, 66.4915319000138, 62.69226040004287, 64.1884785000002, 66.31837369990535, 66.8728372999467, 60.64199130004272, 74.00063280004542, 78.56416730000637, 72.22861280001234, 118.19121119996998, 117.97508150001522, 73.76808479998726, 75.32017829990946, 116.52300519996788, 170.33089380001184, 93.03076940006576, 76.40768810000736, 69.20846620004158, 78.18228240008466, 72.78377679991536, 68.46520790003706, 79.19787120004185, 81.53614820004441, 86.46179989993107, 65.87471949995961, 62.500329999951646, 60.812262600054964, 60.4499894999899, 63.96169100003317], "SSIM": [0.03278968743048608, 0.06448349807411433, 0.11013011842966079, 0.25676982045173646, 0.31647861063480376, 0.33571438133716586, 0.41194348156452176, 0.49988944828510284, 0.5325580716133118, 0.5392233103513717, 0.5249316596984863, 0.5958021330833435, 0.6071853041648865, 0.6118992018699646, 0.6124097001552582, 0.6238946461677551, 0.6343674063682556, 0.6355451548099518, 0.6363858234882355, 0.6437669253349304, 0.6207317090034485, 0.633600902557373, 0.6381321203708649, 0.6464247190952301, 0.6487876784801483, 0.6512218153476715, 0.6574567329883575, 0.6643540859222412, 0.6713306212425232, 0.6709204745292664, 0.6731189060211181, 0.6790855491161346, 0.6832451725006103, 0.6735992574691773, 0.6778124976158142, 0.6846527516841888, 0.6812555480003357, 0.6799546313285828, 0.6737220203876495, 0.6772313177585602, 0.687315331697464, 0.6891536045074463, 0.6855915069580079, 0.6816841924190521, 0.6816351056098938, 0.6908410012722015, 0.6782493031024933, 0.6819362580776215, 0.6924761605262756, 0.6857646119594574, 0.6843823623657227, 0.6932532203197479, 0.688173600435257, 0.6837725746631622, 0.6865262293815613, 0.6881002020835877, 0.6835621559619903, 0.6864825987815857, 0.6755573892593384, 0.6920299875736237, 0.6910439324378967, 0.6863098883628845, 0.6934778988361359, 0.6830157792568207, 0.6989003324508667, 0.6842722415924072, 0.6852843654155731, 0.6896183228492737, 0.6886360812187194, 0.6942363202571868, 0.6862521421909332, 0.6895966899394989, 0.6957686018943786, 0.6884320998191833, 0.688192138671875, 0.691884548664093, 0.6895562076568603, 0.6891453647613526, 0.6898811089992524, 0.6913028800487518, 0.6874335741996765, 0.68725177526474, 0.6940726995468139, 0.6908379769325257, 0.6899571430683136, 0.6890391409397125, 0.6900957679748535, 0.6880701172351837, 0.6915117967128753, 0.6855264353752136, 0.6875138986110687, 0.6892871260643005, 0.6886527979373932, 0.6878108942508697, 0.6859107792377472, 0.6884021627902984, 0.683033617734909, 0.6972069919109345, 0.686695110797882, 0.6852506196498871, 0.69615602850914, 0.7015856909751892, 0.7049848783016205, 0.7072575235366821, 0.7016966545581818, 0.7070951175689697, 0.7068154561519623, 0.7053863894939423, 0.7083948910236358, 0.7114366257190704, 0.7065521049499511, 0.7014768230915069, 0.7071205735206604, 0.7014721322059632, 0.7059416556358338, 0.7081368219852447, 0.7090381348133087, 0.7031731116771698, 0.7063483905792236, 0.7098555183410644],