{"Epoch": [1, 2, 3, 4, 5, 6, 7, 8, 9, 10, 1, 2, 3, 4, 5, 6, 7, 8, 9, 10, 1, 2, 3, 4, 5, 6, 7, 8, 9, 10, 1, 2, 3, 4, 5, 6, 7, 8, 9, 10, 1, 2, 3, 4, 5, 6, 7, 8, 9, 10, 1, 2, 3, 4, 5, 6, 7, 8, 9, 10, 11, 12, 13, 14, 15, 16, 17, 18, 19, 20, 1, 2, 3, 4, 5, 6, 7, 8, 9, 10, 11, 12, 13, 14, 15, 16, 17, 18, 19, 20, 1, 2, 3, 4, 5, 6, 7, 8, 9, 10, 11, 12, 13, 14, 15, 16, 17, 18, 19, 20, 1, 2, 3, 4, 5, 6, 7, 8, 9, 10, 11, 12, 13, 14, 15, 16, 17, 18, 19, 20, 1, 2, 3, 4, 5, 6, 7, 8, 9, 10, 11, 12, 13, 14, 15, 16, 17, 18, 19, 20, 21, 22, 23, 24, 25, 26, 27, 28, 29, 30], "Loss": [24.8131046295166, 16.847002029418945, 15.490297317504883, 14.685139656066895, 13.758747100830078, 13.496461868286133, 12.996466636657715, 13.01083755493164, 12.222827911376953, 12.690186500549316, 25.27375602722168, 13.997941970825195, 12.671770095825195, 12.18803882598877, 12.352420806884766, 11.384163856506348, 11.68453311920166, 11.919525146484375, 11.487751007080078, 11.00770092010498, 15.020936012268066, 11.680048942565918, 11.636524200439453, 11.229001998901367, 11.004734992980957, 10.698967933654785, 10.885865211486816, 10.65357780456543, 10.750823974609375, 10.777714729309082, 11.248004913330078, 10.09334659576416, 10.338196754455566, 10.626349449157715, 10.505422592163086, 10.103431701660156, 10.41535472869873, 10.527986526489258, 10.605603218078613, 10.500164985656738, 10.526077270507812, 10.308218002319336, 9.904104232788086, 10.121828079223633, 9.986248970031738, 9.721697807312012, 10.262439727783203, 9.594526290893555, 9.942964553833008, 9.75594425201416, 9.692902565002441, 9.835493087768555, 9.950624465942383, 9.677643775939941, 9.599199295043945, 9.768821716308594, 9.991445541381836, 10.279816627502441, 9.689937591552734, 10.092832565307617, 9.75295352935791, 9.61254596710205, 9.49290943145752, 10.070430755615234, 9.593608856201172, 10.202014923095703, 9.73114013671875, 9.971817016601562, 10.040451049804688, 9.73475456237793, 9.652669906616211, 9.242141723632812, 10.104154586791992, 9.769975662231445, 9.295144081115723, 10.252717018127441, 9.833724975585938, 9.916866302490234, 9.888291358947754, 9.821990966796875, 10.177376747131348, 9.7590970993042, 9.427192687988281, 9.428547859191895, 9.669964790344238, 9.62261962890625, 9.312118530273438, 9.574357986450195, 9.622754096984863, 9.675127983093262, 9.253389358520508, 9.205007553100586, 9.046486854553223, 9.697823524475098, 9.263046264648438, 9.862238883972168, 9.3756103515625, 9.685543060302734, 9.196452140808105, 9.472429275512695, 9.82381820678711, 9.347758293151855, 9.424346923828125, 9.143546104431152, 9.460453987121582, 9.116606712341309, 9.295684814453125, 9.066926956176758, 9.0181245803833, 9.515308380126953, 9.587754249572754, 9.486166000366211, 9.460370063781738, 9.29918098449707, 9.627439498901367, 9.438521385192871, 9.38856315612793, 9.846291542053223, 9.849371910095215, 9.31380844116211, 9.78870677947998, 9.247462272644043, 9.408171653747559, 9.540620803833008, 9.66806411743164, 9.295376777648926, 9.196548461914062, 10.021740913391113, 9.1261625289917, 9.25214958190918, 9.522046089172363, 9.428030014038086, 9.499942779541016, 9.372465133666992, 9.242006301879883, 8.917463302612305, 9.368165969848633, 9.32397174835205, 9.363025665283203, 8.810338973999023, 9.651654243469238, 9.524296760559082, 9.851035118103027, 9.383950233459473, 9.273012161254883, 9.573777198791504, 9.220074653625488, 9.24256420135498, 9.4005126953125, 8.892172813415527, 9.220467567443848, 9.638263702392578, 9.767478942871094, 9.210965156555176, 9.335177421569824, 9.09195613861084, 9.287869453430176, 9.350702285766602, 9.448863983154297, 9.668484687805176], "Training Time": [54.98903430002974, 55.41257729998324, 54.917377799982205, 54.88009829999646, 55.35319569997955, 55.79142090003006, 55.71610669995425, 55.726885200012475, 55.856049499998335, 55.598978199996054, 94.94996389996959, 60.25771520001581, 63.243204700003844, 67.92344839998987, 60.958338399999775, 72.93140220001806, 68.43929060001392, 89.4192929000128, 65.80916069995146, 70.34215250000125, 74.82328620000044, 63.76763750001555, 64.0390316999983, 64.04762389999814, 64.57856039999751, 65.50009790004697, 64.26022500003455, 69.0399136999622, 65.06831790000433, 62.86451889999444, 71.74257469997974, 62.36650720000034, 71.43466640001861, 71.69770050002262, 63.859163799963426, 62.830286099982914, 62.93014350003796, 62.98530489997938, 63.48474540002644, 67.31975249998504, 96.11511040001642, 63.85156800004188, 63.10085530002834, 60.02144979999866, 63.51565810001921, 62.45940779999364, 70.37081170000602, 60.66021359997103, 64.68378020002274, 64.1565614999854, 76.6685474999831, 83.84543149999809, 63.75995249999687, 63.52468669996597, 64.96750289999181, 75.97200159996282, 94.2824095999822, 64.72845129994676, 75.85990750003839, 68.46131889999378, 64.48551580001367, 62.9864297999884, 67.33265130000655, 71.1365621999721, 63.840253499976825, 68.68075609998778, 61.87767570000142, 57.58910590002779, 57.45482500002254, 63.65990990004502, 142.50340600003256, 119.40154530003201, 68.38987579999957, 65.63999210001202, 72.69596579996869, 78.48787810001522, 66.97800110001117, 72.78981170000043, 68.26042910001706, 94.68950290000066, 76.3309384000022, 68.8153239999665, 70.52240890002577, 67.88930659997277, 65.50169789994834, 65.96801579999737, 62.898489899991546, 67.61200799996732, 56.50279210001463, 57.764037299959455, 114.22407719999319, 72.31604890001472, 67.68480340001406, 77.32619589997921, 74.89532259997213, 73.32299890002469, 73.43006119999336, 71.9612106999848, 65.60794789995998, 66.71405419998337, 65.50160909997066, 69.50012479996076, 66.80771490000188, 65.55847759998869, 70.04013219999615, 66.53247499995632, 66.21257759997388, 91.14678079995792, 64.73720639996463, 64.44002809998346, 70.58653829997638, 66.47324140003184, 73.64831530000083, 65.70301120000659, 65.55247090000194, 64.73790690000169, 70.84693400003016, 68.31051600002684, 68.07287869998254, 93.52806139999302, 70.23918270005379, 84.47486389998812, 71.75857969996287, 68.9006156999967, 69.86877020000247, 69.30210950004403, 67.33405419997871, 67.91516560001764, 75.6650190000073, 75.26244070002576, 213.7380449999473, 72.16671889997087, 68.92344379995484, 76.77260529994965, 71.04784890002338, 70.98767260002205, 85.88028510002187, 145.27526139997644, 74.30851160001475, 85.2976362000336, 71.34246770001482, 120.32761450001271, 89.11846220004372, 71.67146550002508, 100.75145489996066, 73.47259989997838, 75.53201259998605, 71.61178179999115, 73.70775349996984, 74.82510969997384, 64.78870599996299, 64.51136550004594, 67.2709896999877, 66.41728990001138, 61.19518059998518, 83.74431430001277, 60.867242700012866, 72.24441400001524, 61.80509340000572, 61.71950840001227],