{"Epoch": [1, 2, 1, 2, 3, 4, 5, 6, 7, 8, 9, 10, 1, 2, 3, 4, 5, 6, 7, 8, 9, 10, 1, 2, 3, 4, 5, 6, 7, 8, 9, 10, 1, 2, 3, 4, 5, 6, 7, 8, 9, 10, 1, 2, 3, 4, 5, 6, 7, 8, 9, 10, 11, 12, 13, 14, 15, 16, 17, 18, 19, 20, 1, 2, 3, 4, 5, 6, 7, 8, 9, 10], "Loss": [3.401296854019165, 2.9416236877441406, 2.768284320831299, 2.561823606491089, 2.493255138397217, 2.3676416873931885, 2.3952205181121826, 2.3494770526885986, 2.285508871078491, 2.25272536277771, 2.2597060203552246, 2.2541112899780273, 2.2034149169921875, 2.191730499267578, 2.194477081298828, 2.2018213272094727, 2.24690842628479, 2.204127311706543, 2.168952703475952, 2.1577720642089844, 2.1662161350250244, 2.1717867851257324, 2.216512441635132, 2.175400733947754, 2.1002554893493652, 2.143620491027832, 2.226027727127075, 2.1507503986358643, 2.1686229705810547, 2.1140263080596924, 2.1139097213745117, 2.1828062534332275, 2.1075849533081055, 2.0868682861328125, 2.1113433837890625, 2.1009769439697266, 2.0874602794647217, 2.0777597427368164, 2.1223084926605225, 2.0791852474212646, 2.076988697052002, 2.0925049781799316, 2.1059792041778564, 2.0661065578460693, 2.1361327171325684, 2.1141111850738525, 2.083383083343506, 2.1065480709075928, 2.1000306606292725, 2.0629196166992188, 2.0813169479370117, 2.107112169265747, 2.082674264907837, 2.0437214374542236, 2.075956106185913, 2.037684202194214, 2.0573232173919678, 2.1112308502197266, 2.110673666000366, 2.082054615020752, 2.002115488052368, 2.0562140941619873, 2.044403076171875, 2.017521858215332, 2.031158208847046, 1.9950852394104004, 2.0189836025238037, 2.0359697341918945, 2.047421455383301, 2.0045278072357178, 2.0548529624938965, 2.020493507385254], "Training Time": [51.41939710000224, 51.51788799999849, 53.32863169999837, 51.840323999997054, 51.680711700002576, 51.68646129999979, 51.67279580000104, 52.08364490000167, 51.8692394000027, 51.83235330000025, 51.91769199999908, 52.283411700002034, 53.507294800001546, 52.06161939999947, 51.863229700000375, 51.68838180000239, 51.86631689999922, 51.92516439999963, 51.896817400000145, 51.912218600002234, 51.781265300000086, 51.90089280000029, 53.593919099999766, 51.74626900000294, 51.72950589999891, 51.734642799998255, 51.64012619999994, 51.85138129999905, 51.793750900000305, 51.81300629999896, 51.66368819999843, 51.79316810000091, 53.70061329999953, 52.65950370000064, 52.41273619999993, 52.8408552999972, 52.66593179999836, 51.817554299999756, 52.08880539999882, 52.03097080000225, 51.859116200001154, 51.87192899999718, 52.900382899999386, 51.320354399998905, 51.474971200001164, 51.35302640000009, 51.38995600000271, 51.476286200002505, 51.36060480000015, 51.28937750000114, 51.42741509999905, 51.418735999999626, 51.36957280000206, 51.515281299998605, 51.34113779999825, 51.34567640000023, 51.425980199997866, 51.33915060000072, 51.74398959999962, 51.47367419999864, 51.440857499997946, 51.46318510000128, 52.94677009999941, 51.89686779999829, 51.52795669999978, 51.40337020000152, 51.42411170000196, 51.54513080000106, 51.479146699999546, 51.479362799997034, 51.30788159999793, 51.356508900000335], "SSIM": [0.27949800428701566, 0.4083795964717865, 0.49436590790748597, 0.5847431087493896, 0.615946878194809, 0.6515544426441192, 0.6465678596496582, 0.6596731293201447, 0.668002769947052, 0.6698193800449371, 0.6724794602394104, 0.6682214534282684, 0.6836809027194977, 0.6825049614906311, 0.6854650497436523, 0.681360387802124, 0.6712869226932525, 0.684168541431427, 0.6888503634929657, 0.6882888782024383, 0.6916454982757568, 0.6838483381271362, 0.6738610661029816, 0.6839205116033554, 0.6975716650485992, 0.6926403963565826, 0.6775936734676361, 0.6894914817810058, 0.6901457715034485, 0.6920337736606598, 0.6943694865703582, 0.6876843130588531, 0.6970908081531525, 0.6987796425819397, 0.6923512768745422, 0.6909446394443512, 0.7048228049278259, 0.7002940762043, 0.6947347831726074, 0.6989775979518891, 0.6994489371776581, 0.7029308569431305, 0.6976852071285248, 0.7033560311794281, 0.6930329871177673, 0.7006994795799255, 0.7020420563220978, 0.700692230463028, 0.6991058099269867, 0.7077274692058563, 0.6999273109436035, 0.6982098937034606, 0.7049319660663604, 0.7084949910640717, 0.7035857081413269, 0.7114889526367187, 0.6999116158485412, 0.7004154312610626, 0.6959033453464508, 0.698920704126358, 0.7127195084095002, 0.7053588116168976, 0.7099259150028229, 0.7152978813648224, 0.7154006159305573, 0.7171598994731903, 0.7097393524646759, 0.7096372354030609, 0.7116984558105469, 0.716940268278122, 0.7104528379440308, 0.7203580558300018], "PSNR": [8.847505187988281, 11.35726697921753, 14.313762531280517, 16.91854543685913, 17.869409732818603, 18.89503730773926, 19.038104248046874, 19.866931533813478, 20.027155113220214, 20.100421371459962, 20.27650276184082, 19.880614395141603, 20.793125534057616, 20.706060333251955, 21.154922637939453, 20.907079963684083, 20.705938110351564, 20.986321258544923, 20.866740150451662, 21.222898597717286, 20.883872680664062, 20.832449493408202, 20.958932723999023, 20.856164207458495, 21.480475883483887, 21.27291389465332, 20.958270683288575, 21.284438171386718, 21.2165327835083, 21.357115821838377, 21.40732147216797, 21.225105781555175, 21.481048011779784, 21.314777145385744, 21.43453479766846, 21.401081199645997, 21.612965202331544, 21.291257858276367, 21.175150032043458, 21.48998233795166, 21.270136299133302, 21.519314918518067, 21.371875839233397, 21.642079811096192, 21.4500687789917, 21.57855869293213, 21.55966541290283, 21.60990348815918, 21.58026256561279, 21.834777870178222, 21.59522575378418, 21.385182991027833, 21.52708724975586, 21.768640060424804, 21.940183181762695, 21.82114730834961, 21.58425220489502, 21.63422019958496, 21.620836715698243, 21.668750915527344, 21.759228858947754, 21.76501937866211, 21.802726707458497, 22.069896965026857, 22.144737739562988, 22.084488487243654, 21.97820770263672, 22.020216484069824, 22.17121551513672, 22.057248001098632, 21.903159294128418, 21.994794387817382]}