{"Epoch": [1, 2, 3, 4, 5, 6, 7, 8, 9, 10, 1, 2, 3, 4, 5, 6, 7, 8, 9, 10, 1, 2, 3, 4, 5, 6, 7, 8, 9, 10, 1, 2, 3, 4, 5, 6, 7, 8, 9, 10, 1, 2, 3, 4, 5, 6, 7, 8, 9, 10, 11, 12, 13, 14, 15, 16, 17, 18, 19, 20, 1, 2, 3, 4, 5, 6, 7, 8, 9, 10, 11, 12, 13, 14, 15, 16, 17, 18, 19, 20, 1, 2, 3, 4, 5, 6, 7, 8, 9, 10, 11, 12, 13, 14, 15, 16, 17, 18, 19, 20, 1, 2, 3, 4, 5, 6, 7, 8, 9, 10, 11, 12, 13, 14, 15, 16, 17, 18, 19, 20], "Loss": [1.15297532081604, 1.0736387968063354, 1.0539610385894775, 0.9547783136367798, 0.9274216294288635, 0.8794634342193604, 0.8997316956520081, 0.8503233194351196, 0.8423236012458801, 0.8233953714370728, 0.8125597238540649, 0.8162943124771118, 0.7693009972572327, 0.7399970889091492, 0.8188644051551819, 0.788439929485321, 0.8265483975410461, 0.7860801219940186, 0.7551981210708618, 0.8306368589401245, 0.7539655566215515, 0.7450729012489319, 0.7751033902168274, 0.7625133395195007, 0.816714346408844, 0.7614233493804932, 0.7980538010597229, 0.7518191933631897, 0.744949460029602, 0.7287298440933228, 0.7463724613189697, 0.7507928013801575, 0.688930332660675, 0.6864570379257202, 0.7966213822364807, 0.756160318851471, 0.7637689709663391, 0.7452896237373352, 0.7219840288162231, 0.713523268699646, 0.7330878376960754, 0.7008106112480164, 0.716384768486023, 0.7225866913795471, 0.8040186762809753, 0.7708150148391724, 0.7420228719711304, 0.7799574732780457, 0.7234762907028198, 0.7241265773773193, 0.7706419229507446, 0.7728155255317688, 0.7566174864768982, 0.687739908695221, 0.7295724749565125, 0.7425065636634827, 0.746351420879364, 0.7415770292282104, 0.8267528414726257, 0.7570733428001404, 0.7313991189002991, 0.7264838814735413, 0.7709212899208069, 0.7179449200630188, 0.6960461735725403, 0.7544780969619751, 0.7742066979408264, 0.7583499550819397, 0.6925686597824097, 0.7059427499771118, 0.8251907825469971, 0.7458713054656982, 0.7266736626625061, 0.7316315770149231, 0.6866483092308044, 0.7205607891082764, 0.7240241765975952, 0.7385736107826233, 0.7348133325576782, 0.6593226194381714, 0.7370215654373169, 0.7231737971305847, 0.7547851800918579, 0.751588761806488, 0.7576272487640381, 0.8158692717552185, 0.782521665096283, 0.7397574186325073, 0.7072387933731079, 0.7549756765365601, 0.7364378571510315, 0.7193374037742615, 0.7414969801902771, 0.7380157113075256, 0.7622171640396118, 0.7373387813568115, 0.6553978323936462, 0.7670007944107056, 0.764531672000885, 0.7172634601593018, 0.2679494619369507, 0.2588688135147095, 0.2671924829483032, 0.2687305212020874, 0.2614855170249939, 0.2592012882232666, 0.25770077109336853, 0.26538988947868347, 0.267139196395874, 0.2596582770347595, 0.25797510147094727, 0.2630116939544678, 0.25767961144447327, 0.2535647749900818, 0.2587203085422516, 0.2633754312992096, 0.2546168565750122, 0.26246005296707153, 0.26822927594184875, 0.25694039463996887], "Training Time": [14.275911499978974, 8.627561999950558, 8.662073299987242, 8.663521400012542, 9.033818099997006, 9.018986399983987, 8.74206379998941, 9.348349099978805, 9.038692899979651, 8.881948700000066, 20.934275800012983, 21.153059499978554, 22.552529399981722, 21.00911579997046, 20.682727899984457, 20.816637000010815, 21.055666200001724, 21.37546750000911, 20.905727199977264, 21.197588099981658, 21.71350180002628, 20.92950829997426, 28.56014369998593, 20.60408689995529, 22.54719000001205, 20.821379700035322, 19.965233499999158, 17.114939199993387, 11.244510199991055, 14.488814599986654, 24.354596800054424, 21.997595999971963, 23.984409000026062, 20.865872199996375, 21.25197380001191, 20.492312200018205, 20.77548630000092, 20.606925500091165, 20.35916640004143, 21.28991029993631, 21.45022669993341, 31.56877449993044, 21.826947800000198, 21.39386630000081, 21.274389900034294, 20.541175900027156, 20.842718000058085, 22.259003499988467, 26.534857699996792, 20.85733409994282, 20.577878199983388, 17.71436379989609, 17.204308399930596, 13.28165010001976, 14.971246899920516, 16.423324400093406, 21.196393699967302, 11.701477800030261, 13.448383299983107, 10.720305200084113, 23.945971000008285, 18.67071840004064, 21.515756999957375, 12.495498500065878, 22.437687400029972, 21.047583099920303, 42.48930440004915, 20.84269520000089, 22.3961047999328, 26.876641499926336, 27.497272899956442, 19.798044500057586, 16.172331999987364, 18.118493699934334, 19.863499899976887, 19.460600499995053, 15.95159200008493, 9.958970300038345, 10.13005510007497, 10.144965499988757, 20.211566300014965, 21.183464400004596, 20.683090599952266, 20.384383999975398, 19.81079270003829, 20.481630700058304, 19.84327569999732, 20.644285100046545, 20.08594819996506, 21.26835500006564, 21.954764000023715, 20.67162800009828, 20.451012800098397, 20.24780789995566, 45.42791309999302, 15.887139099999331, 11.386710799997672, 16.085599299985915, 36.35529370000586, 34.68777229997795, 21.25996340007987, 26.409346000058576, 26.43594639992807, 24.742514899931848, 24.92228540009819, 26.944675499922596, 24.354781200061552, 34.44475649995729, 21.122044599964283, 21.21342599997297, 21.071701399981976, 21.608551100012846, 22.103721900028177, 21.695793500053696, 23.128587700077333, 21.03461169998627, 20.71369889995549, 10.732549700071104, 10.113385300035588, 8.783499700017273], "SSIM": [0.05359701599393572, 0.09175848428692136, 0.13932536329541886, 0.28811171650886536, 0.2795850762299129, 0.3752237047467913, 0.4216067407812391, 0.5005098155566624, 0.4550869422299521, 0.5747636045728411, 0.5936820677348545, 0.6091934612819127, 0.6223616429737636, 0.6411752956254142, 0.6187494652611869, 0.6285083719662258, 0.6400415812219892, 0.622762850352696, 0.6356526102338519, 0.6113583956445966, 0.6144160968916756, 0.6519411972590855, 0.6217696411269051, 0.6312771269253322, 0.6280148710523333, 0.6578545144626072, 0.665636488369533, 0.6588526964187622, 0.6698852266584124, 0.6778913736343384, 0.6697353294917515, 0.6767148886408124, 0.6850646308490208, 0.6893576809338161, 0.667439980166299, 0.6676984769957406, 0.6774874244417463, 0.6807541591780526, 0.6719195161546979, 0.6949619565691266, 0.6857921225684029, 0.6957088879176548, 0.6828924672944205, 0.6800929222788129, 0.6620777675083706, 0.6695719957351685, 0.6918779270989555, 0.6692439658301217, 0.6853203518050057, 0.6894531164850507, 0.674734217779977, 0.6783240692956107, 0.6881051404135567, 0.6948201315743583, 0.684442230633327, 0.6736459561756679, 0.6799101574080331, 0.6828847697802952, 0.6598704968179975, 0.6794117603983197, 0.6855727689606803, 0.688696163041251, 0.6738513367516654, 0.692233647618975, 0.6990052461624146, 0.6773395793778556, 0.6783486008644104, 0.6791036980492728, 0.6894046579088483, 0.6939429300171989, 0.6659145525523594, 0.6831905501229423, 0.6861887659345355, 0.6915245822497776, 0.6982444780213493, 0.697720638343266, 0.685585481779916, 0.6874684606279645, 0.6850571376936776, 0.7000463775226048, 0.6820968389511108, 0.6902124796594892, 0.671589161668505, 0.6820617488452366, 0.6838084289005825, 0.662732447896685, 0.6718173452786037, 0.6903645736830575, 0.6950833116258893, 0.6830711620194572, 0.6747885942459106, 0.6877373542104449, 0.6828844547271729, 0.6803627610206604, 0.6701622009277344, 0.6892931461334229, 0.7008080737931388, 0.6758137515613011, 0.677982142993382, 0.6829391377312797, 0.6788089105061123, 0.7036832315581185, 0.6902015294347491, 0.6867894274847848, 0.7049915279660907, 0.7051731177738735, 0.6936199750219073, 0.6906769786562238, 0.6853799564497811, 0.7070036445345197, 0.7054311973708016, 0.705437251499721, 0.6961622408458165, 0.7026183349745614, 0.7145822984831673, 0.6927202003342765, 0.7143471240997314, 0.6970085161072868, 0.6812683343887329, 0.7041089534759521],