{"Epoch": [1, 2, 3, 4, 5, 6, 7, 8, 9, 10, 1, 2, 3, 4, 5, 6, 7, 8, 9, 10, 1, 2, 3, 4, 5, 6, 7, 8, 9, 10, 1, 2, 3, 4, 5, 6, 7, 8, 9, 10, 11, 12, 13, 14, 15, 16, 17, 18, 19, 20, 1, 2, 3, 4, 5, 6, 7, 8, 9, 10], "Loss": [20.79464340209961, 14.225595474243164, 13.261579513549805, 12.70415210723877, 12.610577583312988, 12.039081573486328, 12.295642852783203, 11.919957160949707, 11.513306617736816, 11.219406127929688, 12.0848388671875, 11.358399391174316, 11.26410961151123, 11.909463882446289, 11.572166442871094, 11.341806411743164, 10.9873628616333, 11.440115928649902, 11.309884071350098, 11.463937759399414, 11.523029327392578, 10.754511833190918, 11.603469848632812, 11.496378898620605, 11.286762237548828, 11.26621150970459, 11.105786323547363, 10.712656021118164, 10.71059513092041, 11.098926544189453, 10.919806480407715, 11.188935279846191, 11.064458847045898, 11.59079360961914, 11.279850959777832, 11.24809741973877, 11.268902778625488, 11.339848518371582, 10.781413078308105, 11.051308631896973, 10.843903541564941, 11.08205509185791, 11.360357284545898, 11.025717735290527, 10.838271141052246, 10.622764587402344, 11.10368537902832, 10.76069164276123, 11.011945724487305, 11.288783073425293, 10.77404499053955, 10.965118408203125, 11.247007369995117, 11.032793045043945, 10.563992500305176, 10.81644344329834, 11.06634521484375, 11.138200759887695, 11.090277671813965, 11.037717819213867], "Training Time": [108.3311957999831, 94.92626390000805, 224.22881950001465, 68.09632369998144, 71.37454819999402, 64.21881589997793, 64.30872249999084, 104.55235970002832, 85.86257420002948, 65.35417659999803, 236.36984290002147, 129.13674950000132, 71.67988769995281, 73.65992529998766, 83.3141397999716, 71.18171999999322, 140.46984989999328, 70.3580842000083, 86.83700160001172, 75.67209020000882, 134.23228599998401, 75.98906930000521, 73.05390390002867, 143.5891136000282, 103.31205210002372, 154.9199986999738, 69.2027795999893, 71.21813389996532, 72.88643300003605, 69.78921020001872, 79.42414840002311, 68.91167479997966, 70.66720660001738, 68.61298440000974, 138.97035889996914, 68.55650930001866, 66.79645079997135, 93.82033350004349, 119.20273929997347, 83.07806149998214, 68.00316720001865, 69.11213470000075, 77.01481789996615, 66.03772389999358, 69.93268650001846, 198.14788990002126, 80.5966713000089, 66.492181300011, 77.41742949996842, 66.6342028999934, 123.86487019999186, 128.28971979999915, 93.14043130003847, 164.04615750000812, 931.3036888999632, 79.97077680000803, 60.922859199985396, 59.48439240001608, 55.81522190000396, 55.77842560003046], "SSIM": [0.06743419227190316, 0.18181481957435608, 0.23245948880910874, 0.2757322093844414, 0.301642142534256, 0.32354344308376315, 0.3413509249687195, 0.36415761947631836, 0.37351674675941465, 0.3901569038629532, 0.4090376704931259, 0.44525577902793884, 0.43877133846282956, 0.44071664690971374, 0.45027032017707824, 0.44926837265491487, 0.4498198300600052, 0.4524597853422165, 0.44668044984340666, 0.4444185543060303, 0.45340983688831327, 0.4648459792137146, 0.45780993402004244, 0.4604476737976074, 0.466386724114418, 0.4619040352106094, 0.4604377210140228, 0.47676187336444853, 0.4793260699510574, 0.47343125462532043, 0.48705583095550536, 0.4858464753627777, 0.4783656340837479, 0.45878369629383087, 0.4454673665761948, 0.44859377920627597, 0.4494640165567398, 0.45044880092144013, 0.44038048267364505, 0.4235317862033844, 0.43079969167709353, 0.42552161157131196, 0.41231884598731994, 0.4081598305702209, 0.4126423507928848, 0.40672192215919495, 0.38881322622299197, 0.3774260020256042, 0.38134961903095244, 0.3752253931760788, 0.371884195804596, 0.37286161601543427, 0.36856201231479646, 0.37825951039791106, 0.3656104165315628, 0.36761350095272066, 0.35440052270889283, 0.3632394003868103, 0.37427727997303006, 0.3683554059267044], "PSNR": [7.4115129089355465, 10.57489320755005, 12.13298770904541, 13.507206554412841, 14.124310569763184, 14.807764949798583, 15.125505027770997, 15.607721462249756, 15.91764368057251, 16.644843158721923, 15.871237201690674, 17.25078386306763, 17.335836849212647, 17.759388370513918, 18.137163581848146, 18.25905834197998, 18.688789825439454, 18.522681617736815, 18.62519374847412, 18.829412002563476, 18.43712917327881, 19.04413038253784, 18.977585105895997, 19.16528652191162, 19.134769859313966, 19.02223320007324, 19.641699066162108, 19.89930976867676, 19.86827434539795, 19.41036964416504, 19.49902702331543, 19.618846588134765, 19.891642684936524, 19.619148330688475, 19.802186965942383, 19.604644660949706, 19.775172691345215, 19.735509910583495, 19.377424659729005, 19.582222633361816, 19.809994735717773, 19.607736434936523, 19.302592849731447, 19.150251808166505, 19.66018039703369, 19.51142562866211, 19.155274314880373, 19.1267073059082, 19.105307350158693, 18.74464530944824, 18.810914459228517, 19.134788513183594, 18.904682388305662, 18.976627922058107, 18.978129692077637, 18.770876808166506, 18.625450363159178, 18.843067436218263, 18.772908515930176, 18.84020565032959]}