{"Epoch": [1, 2, 3, 4, 5, 6, 7, 8, 9, 10, 1, 2, 3, 4, 5, 6, 7, 8, 9, 10, 11, 12, 13, 14, 15, 16, 17, 18, 19, 20, 1, 2, 3, 4, 5, 6, 7, 8, 9, 10], "Loss": [4.803293704986572, 3.533381223678589, 3.263753890991211, 3.1421780586242676, 3.044811725616455, 2.990931272506714, 2.9912896156311035, 2.9250497817993164, 2.9326977729797363, 2.9021971225738525, 2.92413330078125, 2.970201253890991, 2.869455575942993, 2.8743791580200195, 2.840569019317627, 2.840132474899292, 2.803455114364624, 2.789142608642578, 2.7929039001464844, 2.7822744846343994, 2.788801908493042, 2.765669822692871, 2.8263511657714844, 2.810957193374634, 2.781280755996704, 2.777352809906006, 2.7983412742614746, 2.7218432426452637, 2.7319459915161133, 2.693270444869995, 2.904568910598755, 2.672445297241211, 2.499953508377075, 2.488266944885254, 2.3704445362091064, 2.4407873153686523, 2.355830192565918, 2.300447702407837, 2.34629225730896, 2.3507301807403564], "Training Time": [51.452900899999804, 51.42835799999739, 51.36979129999963, 51.353197499996895, 51.410603999996965, 51.53001419999782, 51.33335189999707, 51.38384999999835, 51.3748121000026, 51.36855239999932, 55.888195800001995, 54.108274000001984, 51.89436740000019, 51.511957800001255, 51.39196399999855, 51.3643602000011, 51.34698829999979, 51.37012669999967, 51.36938979999832, 51.33865009999863, 51.42071810000198, 51.34529420000035, 51.469470699998055, 51.529592399998364, 51.40134829999806, 51.40333589999864, 51.282242999997834, 51.44834990000163, 51.413067199999205, 51.53831150000042, 52.87984470000083, 51.56651110000166, 51.432885800000804, 51.591921100000036, 51.394344700001966, 51.81591919999846, 51.75656909999816, 51.41792990000249, 51.357942799997545, 51.48130300000048], "SSIM": [0.0173761846171692, 0.0449019718542695, 0.08119249731302261, 0.14746820747852327, 0.210609290599823, 0.22738912731409072, 0.2282152959704399, 0.23805523455142974, 0.2498367828130722, 0.2602399918437004, 0.265997622013092, 0.262601230442524, 0.2827907305955887, 0.28615142434835433, 0.3032663908600807, 0.3077209597826004, 0.3143521511554718, 0.33441734790802, 0.3382592695951462, 0.35209743678569794, 0.3506795334815979, 0.36191751539707184, 0.34955762773752214, 0.3626153039932251, 0.3713002294301987, 0.37121927917003633, 0.3755921471118927, 0.3962290757894516, 0.39766361653804777, 0.40920755088329314, 0.3821955791115761, 0.4917082154750824, 0.5468808794021607, 0.5842803329229355, 0.6200891852378845, 0.6207561421394349, 0.6331283211708069, 0.6429826378822326, 0.6453123283386231, 0.6376879167556763], "PSNR": [5.889540762901306, 7.757789297103882, 7.991043272018433, 8.325348863601684, 8.698081178665161, 8.741010456085204, 8.722424116134643, 8.67338882446289, 8.885962285995483, 8.839139909744263, 9.162970104217528, 9.19101858139038, 9.166310558319092, 9.512117624282837, 9.594798564910889, 9.720959911346435, 9.8434344291687, 10.032176666259765, 10.156342697143554, 10.343886260986329, 10.481459522247315, 10.590227413177491, 10.58571704864502, 10.892931995391846, 10.790397281646728, 10.86999382019043, 11.04519567489624, 11.013632526397705, 11.18719144821167, 11.342970275878907, 10.675401363372803, 12.476746349334716, 14.00539119720459, 15.630597763061523, 16.606847705841066, 17.231114387512207, 17.664280700683594, 18.126269874572753, 18.609725227355955, 17.883592472076415]}