{"Epoch": [1, 2, 3, 4, 5, 6, 7, 8, 9, 10, 1, 2, 3, 4, 5, 6, 7, 8, 9, 10, 1, 2, 3, 4, 5, 6, 7, 8, 9, 10, 1, 2, 3, 4, 5, 6, 7, 8, 9, 10, 11, 12, 13, 14, 15, 16, 17, 18, 19, 20, 1, 2, 3, 4, 5, 6, 7, 8, 9, 10], "Loss": [15.939784049987793, 14.522319793701172, 13.469511985778809, 12.545699119567871, 12.858439445495605, 12.269360542297363, 11.257801055908203, 9.708061218261719, 12.214380264282227, 11.942272186279297, 12.248940467834473, 11.97895622253418, 9.781936645507812, 12.306482315063477, 10.625497817993164, 12.005894660949707, 10.47087287902832, 11.37630844116211, 11.026653289794922, 12.101797103881836, 13.090940475463867, 10.971139907836914, 10.120887756347656, 10.18619441986084, 11.762825965881348, 10.691171646118164, 12.308747291564941, 10.758025169372559, 12.859580039978027, 11.846761703491211, 11.931636810302734, 11.35971736907959, 11.004244804382324, 11.38135814666748, 12.023881912231445, 10.32392406463623, 11.072473526000977, 10.840521812438965, 11.900434494018555, 10.459507942199707, 11.071782112121582, 12.066739082336426, 12.257284164428711, 11.238870620727539, 11.138853073120117, 11.453370094299316, 12.081335067749023, 11.088873863220215, 11.875340461730957, 11.161904335021973, 11.535167694091797, 11.966280937194824, 11.744640350341797, 11.917439460754395, 10.920153617858887, 9.52196979522705, 12.025275230407715, 10.468257904052734, 11.459882736206055, 11.613444328308105], "Training Time": [25.455699400044978, 119.86411439999938, 25.355137899983674, 22.23496420000447, 23.109144399990328, 21.358041499974206, 174.9305374000105, 22.156803099962417, 24.16564359999029, 22.367207499977667, 26.347892599995248, 32.58736249996582, 24.117939900024794, 39.24868109996896, 22.380068900005426, 39.18264559999807, 23.812627500039525, 22.183042199991178, 24.741500600008294, 21.37111940002069, 26.352495400002226, 23.24990469997283, 26.94403670000611, 25.25447070004884, 39.5859802000341, 23.41274699999485, 26.25678940000944, 29.910730400006287, 23.235468700004276, 21.455990099988412, 22.51188429998001, 22.03380149998702, 20.714307499991264, 21.66827809996903, 20.75307450001128, 26.355134600016754, 26.18805999995675, 21.392166599980555, 30.34528790001059, 21.473449199984316, 20.806286299950443, 21.154772500041872, 20.643159799976274, 20.256977900047787, 20.20567719999235, 31.543100800015964, 21.2650958999875, 21.357411599950865, 21.351197500014678, 20.807469199993648, 22.76204910001252, 27.369147600024007, 26.238795599958394, 21.9880607999512, 57.68704380001873, 10.244795799953863, 10.079199199972209, 12.394383299979381, 9.771519400004763, 8.83561099995859], "SSIM": [0.14612700257982528, 0.22641471028327942, 0.2578006982803345, 0.3083629182406834, 0.31589309658323017, 0.33201722162110464, 0.3544016352721623, 0.38937947154045105, 0.3717229792049953, 0.38735078062329975, 0.4327005616256169, 0.42468495454107014, 0.46281067388398306, 0.4553402917725699, 0.46210475478853497, 0.44612606508391245, 0.4543473422527313, 0.45095997197287424, 0.45141131963048664, 0.43236778889383587, 0.4500199088028499, 0.47450039216450285, 0.46945693663188387, 0.45131195868764606, 0.46514480454581125, 0.473776319197246, 0.4681370811803, 0.48821177652903963, 0.4772062727383205, 0.4640926122665405, 0.48293102639062063, 0.49305713176727295, 0.4788173181670053, 0.45116595711026874, 0.4363303397383009, 0.4578181505203247, 0.44451803394726347, 0.44669959800583975, 0.420327501637595, 0.41770290051187786, 0.40444570779800415, 0.41808525579316275, 0.406330087355205, 0.41194439360073637, 0.40644425579479765, 0.3868579013007028, 0.38016644545963835, 0.37991068618638174, 0.38523733615875244, 0.3913984681878771, 0.36073996339525494, 0.3814820647239685, 0.3711125637803759, 0.337925340448107, 0.363958192723138, 0.37484544089862276, 0.3539884218147823, 0.3621360829898289, 0.35067485911505564, 0.3609199523925781], "PSNR": [9.025203704833984, 11.635334287370954, 13.12081950051444, 14.462526321411133, 15.411440576825823, 15.345639773777553, 15.470518520900182, 17.013667515345983, 15.744527408054896, 16.45181315285819, 17.022762843540736, 16.658822195870535, 18.659538541521346, 18.911357879638672, 18.87876238141741, 18.228274754115514, 19.337773186819895, 18.961416789463588, 18.89495767865862, 18.224560601370676, 18.89792469569615, 19.92401041303362, 18.78865541730608, 19.271886008126394, 19.28962653023856, 20.512366703578405, 19.534582683018275, 20.419789450509207, 19.73940794808524, 18.62983158656529, 19.5336971282959, 19.48174967084612, 20.245342799595424, 20.85426766531808, 20.310921805245535, 20.39340100969587, 19.295785903930664, 19.742053713117325, 20.314192363194056, 19.4826785496303, 20.544848578316824, 19.59744780404227, 19.433478219168528, 19.859081268310547, 19.59162167140416, 19.565727506365096, 18.943400519234793, 19.390163694109237, 19.218542098999023, 19.170204707554408, 19.35866355895996, 19.060835157121932, 19.04929324558803, 18.386753627232142, 18.902687345232284, 19.383847100394114, 18.420710154942103, 18.709767205374582, 19.312385286603654, 18.5763977595738]}