{"Epoch": [1, 2, 3, 4, 5, 6, 7, 8, 9, 10, 1, 2, 3, 4, 5, 6, 7, 8, 9, 10, 11, 12, 13, 14, 15, 16, 17, 18, 19, 20, 1, 2, 3, 4, 5, 6, 7, 8, 9, 10], "Loss": [3.749222993850708, 3.538860559463501, 3.2456037998199463, 3.1114275455474854, 3.077080011367798, 3.2021031379699707, 3.090879201889038, 2.9696569442749023, 2.910722017288208, 2.868069887161255, 2.912933588027954, 2.8407628536224365, 2.849170207977295, 2.9128129482269287, 2.821577310562134, 2.7771270275115967, 2.8745276927948, 2.79196834564209, 2.77974271774292, 2.816970109939575, 2.826472043991089, 2.846728801727295, 2.908510446548462, 2.868992805480957, 2.75203800201416, 2.7547976970672607, 2.8597536087036133, 2.708441972732544, 2.8083372116088867, 2.775151491165161, 2.6942224502563477, 2.506911039352417, 2.346287488937378, 2.4876904487609863, 2.5234732627868652, 2.438155174255371, 2.25577974319458, 2.2596242427825928, 2.275838851928711, 2.310117483139038], "Training Time": [8.448066099997959, 8.433874599999399, 8.42950109999947, 8.396780000002764, 8.411093300001085, 8.356759300000704, 8.370291300001554, 8.410154199998942, 8.391419799998403, 8.416203400000086, 8.61301789999925, 8.462523099999089, 8.443873600001098, 8.394287399998575, 8.38556570000219, 8.411223899998731, 8.411836199997197, 8.442613100000017, 8.424754499999835, 8.401324000002205, 8.413339700000506, 8.410157600003004, 8.419791299998906, 8.409184700001788, 8.423554500001046, 8.40261720000126, 8.427116200000455, 8.418628200000967, 8.413191499999812, 8.537964800001646, 8.448926299999584, 8.415358900001593, 8.436101400002372, 8.41878799999904, 8.565826999998535, 8.570246800001769, 8.429562400000577, 8.422416400000657, 8.408636500000284, 8.563463499998761], "SSIM": [0.03529925458133221, 0.0483977273106575, 0.09543241773332868, 0.17812544852495193, 0.2196930753333228, 0.19303095127855027, 0.2136421799659729, 0.22207076208932058, 0.24304171332291194, 0.27035702764987946, 0.2728869787284306, 0.30175767626081196, 0.28294684844357626, 0.29743640763419016, 0.3319910594395229, 0.32242954628808157, 0.315739312342235, 0.3410152622631618, 0.3459026387759617, 0.3418125680514744, 0.33436587878635954, 0.3350448097501482, 0.323603412934712, 0.3542272278240749, 0.38509614978517803, 0.374527599130358, 0.3494489533560617, 0.3972801182951246, 0.3891837937491281, 0.4141432430062975, 0.45058158891541616, 0.5219908612115043, 0.5872023275920323, 0.608162488256182, 0.6012741753033229, 0.6439149124281747, 0.6372361608913967, 0.6510754653385707, 0.6663808652332851, 0.654070258140564], "PSNR": [8.182201930454799, 6.889479228428432, 8.49742841720581, 8.916939871651786, 8.86364357812064, 8.43281500680106, 8.71647902897426, 8.54573563167027, 8.992688042776924, 9.185912881578718, 9.161108357565743, 9.97342654636928, 9.321105820792061, 9.857746532985143, 10.791659218924385, 9.973919868469238, 10.474930218287877, 10.65731143951416, 10.46114104134696, 10.789526530674525, 10.851612772260394, 10.992852074759346, 10.27432291848319, 10.916455405099052, 11.218515941074916, 10.67147718157087, 11.376834460667201, 11.58034256526402, 11.794156755719866, 11.395228930882045, 11.343526022774833, 13.048487935747419, 15.707462991986956, 16.195555141993932, 16.29193537575858, 19.100064413888113, 17.498918805803573, 20.527147020612443, 18.742849622453964, 18.699089322771346]}