{"Epoch": [1, 2, 3, 4, 5, 1, 2, 3, 4, 5, 1, 2, 3, 4, 5, 1, 2, 3, 1, 2, 3, 1, 2, 3, 1, 2, 3, 1, 2, 3, 1, 2, 3, 1, 2, 3, 1, 2, 3, 1, 2, 3, 1, 2, 3, 1, 2, 3, 1, 2, 3, 1, 2, 3, 1, 2, 3, 4, 5, 6, 7, 8, 9, 10, 1, 2, 3, 4, 5, 6, 7, 8, 9, 10, 1, 2, 3, 1, 2, 3, 1, 2, 3, 1, 2, 3, 4, 5, 6, 7, 8, 9, 10, 11, 12, 13, 14, 15, 16, 17, 18, 19, 20, 21, 22, 23, 24, 25, 26, 27, 28, 29, 30, 31, 32, 33, 34, 35, 36, 37, 38, 39, 40, 41, 42, 43, 44, 45, 46, 47, 48, 49, 50], "Loss": [6.128444194793701, 3.1388261318206787, 2.9213106632232666, 2.880901575088501, 2.9479429721832275, 2.7926366329193115, 3.0400075912475586, 2.8420820236206055, 3.434657573699951, 2.8345487117767334, 2.8416054248809814, 2.707287073135376, 2.6911797523498535, 2.8846514225006104, 2.85624361038208, 2.412806510925293, 2.532463788986206, 2.507894277572632, 3.162924289703369, 2.538154125213623, 2.7479100227355957, 2.505815029144287, 2.7351510524749756, 2.721280574798584, 2.5975828170776367, 2.4676833152770996, 2.5057859420776367, 2.449584722518921, 2.6427321434020996, 2.533287525177002, 2.9592535495758057, 2.7673656940460205, 2.8592870235443115, 2.5327348709106445, 2.676257371902466, 2.6601219177246094, 2.48750638961792, 2.423182249069214, 2.5424411296844482, 0.22850647568702698, 0.20701511204242706, 0.1814996302127838, 2.683917760848999, 2.7548458576202393, 2.298880100250244, 2.160647392272949, 2.272695302963257, 2.216040849685669, 2.3179233074188232, 2.521158218383789, 2.316783905029297, 2.852147340774536, 2.621589422225952, 2.633279800415039, 2.74177622795105, 2.480170488357544, 2.4882333278656006, 2.539067268371582, 2.4573540687561035, 2.369845390319824, 2.7428815364837646, 2.4740731716156006, 2.6185970306396484, 2.475937604904175, 2.4250478744506836, 2.349133014678955, 2.3742780685424805, 2.2305924892425537, 2.3288111686706543, 2.3542819023132324, 2.3320603370666504, 2.4107327461242676, 2.1843509674072266, 2.349302053451538, 2.6495773792266846, 2.902560234069824, 2.745744466781616, 2.783604145050049, 2.4936931133270264, 2.571481943130493, 2.473748207092285, 2.264111280441284, 2.197657585144043, 2.3920273780822754, 2.2530505657196045, 2.2665529251098633, 2.1426188945770264, 2.1969642639160156, 2.2276206016540527, 2.1706156730651855, 2.2346904277801514, 2.2198128700256348, 2.4076876640319824, 2.2101011276245117, 2.147855520248413, 2.2430553436279297, 2.137917995452881, 2.1874752044677734, 2.241107225418091, 2.0936665534973145, 2.1572012901306152, 2.102921962738037, 2.1416404247283936, 2.0796406269073486, 2.192957639694214, 2.2786800861358643, 2.150824546813965, 2.1589248180389404, 2.1447458267211914, 2.1612610816955566, 2.198636293411255, 2.1971254348754883, 2.269906759262085, 2.120140314102173, 2.0672221183776855, 2.1925740242004395, 1.9786810874938965, 2.0413997173309326, 2.057619571685791, 1.9667246341705322, 2.134901762008667, 2.105408191680908, 2.2554755210876465, 2.1809568405151367, 2.040947675704956, 1.958284854888916, 2.1064412593841553, 2.050719738006592, 2.1119346618652344, 2.018658399581909, 2.0937187671661377, 2.106327772140503, 2.1127517223358154], "Training Time": [8.472827300000063, 8.47045689999868, 8.501600999999937, 8.476147299999866, 8.466123599999264, 8.521920499999396, 8.517177300000185, 8.635568000001513, 8.492678500002512, 8.508605300001364, 8.484547899999598, 8.459390100000746, 8.462392200002796, 8.576787400001194, 8.598657499998808, 8.650614700000006, 8.898786400000972, 8.657792699999845, 8.47156299999915, 8.467104300001665, 8.46690049999961, 8.528020199999446, 8.458668900002522, 8.512387599999784, 8.48429759999999, 8.41158600000199, 8.488753000001452, 8.558801800001675, 8.556365899996308, 8.514016399996763, 8.508794900000794, 8.532479999994393, 8.515883100000792, 8.796603200004029, 8.523689000001468, 8.60991279999871, 8.487730699998792, 8.562933699999121, 8.490101499999582, 8.45684419999452, 8.349882700000308, 8.372027799996431, 8.505234999996901, 8.532498499997018, 8.682501300005242, 8.584685800000443, 8.476640199995018, 8.495720299993991, 8.634275199998228, 8.477764399998705, 8.499754600001324, 8.565578000001551, 8.5184064999994, 8.49153330000263, 8.544655999998213, 8.502145300000848, 8.49709989999974, 8.533788900000218, 8.523775699999533, 8.543366500001866, 8.496295600001758, 8.505554299998039, 8.545867799999542, 8.52293049999571, 8.504587499999616, 8.517303000000538, 8.527523699995072, 8.528563200001372, 8.501368199998979, 8.658223799997359, 8.53678320000472, 8.535975500002678, 8.511444299998402, 8.67500260000088, 9.971211700001732, 9.978794800001197, 9.94691160000366, 10.018458200000168, 9.93691519999993, 10.00170330000401, 8.557280000000901, 8.513397200003965, 8.515103999998246, 8.448236800002633, 8.604425899997295, 8.549701399999321, 8.920258100006322, 8.979480100002547, 9.731421099997533, 8.948806000000332, 8.891536100003577, 8.938887900003465, 8.944553000001179, 8.925940799999807, 8.919555899999978, 8.93842570000561, 8.930575899998075, 8.902160099998582, 8.915774000000965, 8.899228999995103, 8.932292799996503, 8.914508300003945, 8.903069599997252, 9.035997600003611, 8.921589400000812, 8.862649599999713, 8.911899799997627, 8.955064899993886, 8.917190500003926, 8.94575579999946, 8.916351199994097, 8.940539300005184, 8.946567800005141, 8.942230699998618, 8.938687499998196, 8.895705399998405, 8.954009799999767, 8.934609900003124, 8.979935600000317, 8.94116600000416, 8.959361599998374, 8.924966899998253, 8.914541799997096, 8.910922600000049, 8.922833899996476, 8.912145999995118, 8.903000400001474, 8.944040299997141, 8.920968200000061, 8.874723200002336, 8.93014740000217, 8.875067100001615, 8.967242899998382],