{"Epoch": [1, 2, 3, 4, 5, 1, 2, 3, 4, 5, 6, 7, 8, 9, 10, 11, 12, 13, 14, 15, 16, 17, 18, 19, 20, 1, 2, 3, 4, 5, 6, 7, 8, 9, 10, 1, 2, 3, 4, 5, 1, 2, 3, 4, 5, 1, 2, 3, 4, 5, 1, 2, 3, 4, 5, 6, 7, 8, 9, 10], "Loss": [0.011547472327947617, 0.008482338860630989, 0.0069926418364048, 0.006925685331225395, 0.006229447200894356, 0.00743288267403841, 0.006755819544196129, 0.005605512764304876, 0.005226790439337492, 0.005204794928431511, 0.006495887413620949, 0.0068797036074101925, 0.0056799594312906265, 0.0049806395545601845, 0.005442260764539242, 0.004707949236035347, 0.004806711338460445, 0.005536406300961971, 0.004617276135832071, 0.00493950629606843, 0.004748910199850798, 0.004465306177735329, 0.005172510631382465, 0.00438975915312767, 0.004217560403048992, 0.00407307269051671, 0.0044953422620892525, 0.004682046361267567, 0.004576088394969702, 0.004559586755931377, 0.004570412915199995, 0.0037151286378502846, 0.004728404805064201, 0.004841094370931387, 0.004305127076804638, 0.004500015173107386, 0.0044658612459897995, 0.0042679328471422195, 0.00385694345459342, 0.004105861764401197, 11.620771408081055, 12.108266830444336, 11.797873497009277, 11.999173164367676, 10.835733413696289, 10.802620887756348, 11.12600326538086, 12.520527839660645, 10.732087135314941, 11.688398361206055, 11.030964851379395, 11.862309455871582, 10.552467346191406, 10.539423942565918, 10.60303020477295, 11.885388374328613, 12.045943260192871, 12.343881607055664, 12.017145156860352, 11.69173812866211], "Training Time": [9.73575819999678, 8.690634899947327, 8.589541199966334, 8.58669359999476, 8.66743170004338, 21.468038999999408, 18.88316389999818, 24.299481399997603, 20.379437399969902, 8.719652300002053, 22.57496679999167, 10.840632500010543, 8.730097800027579, 8.803609399998095, 8.756379799975548, 8.914630400016904, 8.879889200034086, 8.79373250005301, 8.757174499973189, 8.8065700000152, 8.733389400003944, 9.047848900023382, 8.8704132999992, 8.745719800004736, 8.794553700019605, 10.6422898999881, 10.472337799961679, 10.550313300045673, 10.199086799984798, 10.571506200009026, 10.528761499968823, 10.406471499998588, 10.475310399953742, 10.24268690001918, 8.802505899977405, 10.336886700009927, 15.95001459994819, 10.564667099970393, 10.219138899992686, 10.473354299960192, 21.94388690002961, 22.726485299994238, 21.4430828000186, 20.41293890000088, 25.980394099955447, 25.601947400020435, 20.415873499994632, 20.21107799996389, 20.42712459998438, 20.835564799956046, 57.630923599994276, 10.764144400018267, 10.524639899958856, 10.78942470002221, 10.345420800033025, 27.682840600027703, 21.793905200029258, 24.721918799972627, 20.87458100001095, 28.11485969997011], "SSIM": [0.4317890065056937, 0.4887715365205492, 0.527807457106454, 0.5744395511490958, 0.5953702586037772, 0.5947789549827576, 0.6243841137204852, 0.6626814348357064, 0.6432145919118609, 0.6803590740476336, 0.657045338835035, 0.6510945388248989, 0.6750186085700989, 0.7006760154451642, 0.6830135328429086, 0.688961889062609, 0.6911821109907967, 0.7123849902834211, 0.7038691810199192, 0.6819840329033988, 0.7241496784346444, 0.6958974514688764, 0.6688810416630336, 0.7458098956516811, 0.7134892174175808, 0.7251649924686977, 0.7075000660760062, 0.724966994353703, 0.7099851284708295, 0.6928550175258091, 0.733199553830283, 0.7364933746201652, 0.730877263205392, 0.7249733124460492, 0.7411787935665676, 0.7493623069354466, 0.7213293058531625, 0.7280027185167585, 0.7455316526549203, 0.7499004517282758, 0.6721083436693464, 0.6816483821187701, 0.6841538889067513, 0.6814868365015302, 0.6882151194981166, 0.641237735748291, 0.6576890008790153, 0.6264382430485317, 0.6431252871240888, 0.6382608413696289, 0.6203334331512451, 0.6028322492327008, 0.6405119214739118, 0.6135512505258832, 0.5984816636357989, 0.5993627650397164, 0.5943917461803981, 0.5915332606860569, 0.5815721835408892, 0.5593615770339966], "PSNR": [19.48893438066755, 20.76226724897112, 21.58227593558175, 21.818213871547155, 22.25454248700823, 21.35060909816197, 21.79471697126116, 22.736115046909877, 22.896549224853516, 22.93706703186035, 21.973024913242885, 21.69963836669922, 22.621404920305526, 23.059159687587194, 22.809414182390487, 23.393163681030273, 23.327698026384628, 22.636176245553152, 23.441031047276088, 23.207700184413365, 23.49626922607422, 23.703602382114955, 22.96896961757115, 23.711285182407924, 23.7820497240339, 24.064943041120255, 23.595685141427175, 23.368280955723353, 23.631810869489396, 23.52985463823591, 23.762969153267996, 24.40206609453474, 23.503903797694615, 23.30150522504534, 23.852519989013672, 23.598172869001115, 23.739360809326172, 23.851507459368026, 24.253719874790736, 23.977425166538783, 21.641984667096818, 21.611903054373606, 21.3113591330392, 21.19591794695173, 21.480648858206614, 19.1713924407959, 20.068749291556223, 19.541098185947963, 19.97745214189802, 21.653082983834402, 20.01757322038923, 19.132615770612443, 20.56009428841727, 22.124572481427872, 20.420583724975586, 21.038556507655553, 20.99808256966727, 21.026892253330775, 21.244582857404435, 20.867142813546316]}