{"Epoch": [1, 2, 3, 4, 5, 1, 2, 3, 4, 5, 6, 7, 8, 9, 10, 11, 12, 13, 14, 15, 16, 17, 18, 19, 20, 1, 2, 3, 4, 5, 6, 7, 8, 9, 10, 1, 2, 3, 4, 5, 1, 2, 3, 4, 5, 1, 2, 3, 4, 5, 1, 2, 3, 4, 5, 6, 7, 8, 9, 10], "Loss": [0.05004163086414337, 0.009734133258461952, 0.008276525884866714, 0.007682347670197487, 0.006966823246330023, 0.00895792618393898, 0.0065949903801083565, 0.006424900144338608, 0.00579833472147584, 0.00623822258785367, 0.00610673613846302, 0.005712924990803003, 0.0059785484336316586, 0.005546086933463812, 0.004985436797142029, 0.005498546175658703, 0.0050027621909976006, 0.005101193208247423, 0.004995820578187704, 0.004792049992829561, 0.004993284586817026, 0.005101596470922232, 0.00479527423158288, 0.004737598355859518, 0.004624955356121063, 0.00543327396735549, 0.00456226896494627, 0.004763237200677395, 0.0047821179032325745, 0.004369667731225491, 0.004609137773513794, 0.004344203509390354, 0.004327073693275452, 0.004405507817864418, 0.004428758751600981, 0.004210091661661863, 0.004267777316272259, 0.004292610101401806, 0.0040906453505158424, 0.00416985247284174, 12.750658988952637, 12.166766166687012, 12.121849060058594, 11.672892570495605, 12.196057319641113, 12.623139381408691, 11.841473579406738, 11.464447021484375, 11.903882026672363, 11.400333404541016, 11.496882438659668, 10.687043190002441, 11.329068183898926, 11.49558162689209, 11.220259666442871, 11.90041732788086, 11.114649772644043, 11.492948532104492, 11.336556434631348, 10.984185218811035], "Training Time": [56.772374299995136, 53.95467639999697, 53.129856000014115, 53.69159259996377, 53.87061680003535, 123.75235550000798, 64.64742550003575, 81.2073068000027, 76.98841669998365, 63.44344780000392, 112.22940660000313, 69.52487920003477, 56.55694300000323, 54.25521759997355, 55.48906400002306, 55.366834399988875, 55.36551530001452, 54.773029200034216, 55.15896989998873, 54.65660009998828, 54.20200439996552, 56.246012400020845, 55.427097200008575, 55.19752879999578, 55.04776220000349, 71.34206059999997, 61.89474889996927, 60.924517400038894, 68.34196650004014, 69.92087800003355, 58.733264399983454, 58.73136939998949, 59.14712799998233, 59.314295599993784, 65.91715199995087, 64.48893370002043, 61.552316799992695, 59.87963420001324, 58.95517650002148, 62.16586449998431, 74.04463100002613, 74.66008719999809, 64.66607129998738, 95.02919380000094, 81.45573249994777, 72.7283208000008, 64.65108390001114, 69.44909449998522, 66.3106848000316, 68.3580493000336, 110.49593509995611, 82.48047680000309, 61.33129869995173, 70.85138670000015, 61.96511589997681, 73.05555769999046, 113.66150310001103, 88.98691320000216, 73.47985770000378, 121.42164830002002], "SSIM": [0.23409404018893837, 0.4680134278535843, 0.530294548869133, 0.560122264623642, 0.5908382952213287, 0.5914512240886688, 0.6297931706905365, 0.6478609716892243, 0.6628472137451172, 0.6646199405193329, 0.6699952220916748, 0.6817455327510834, 0.6757316827774048, 0.6873097026348114, 0.7019213581085205, 0.6945868992805481, 0.7023577558994293, 0.7099164140224457, 0.7101482999324799, 0.7193612599372864, 0.7113777315616607, 0.7098043847084046, 0.716786379814148, 0.717890077829361, 0.7198185360431671, 0.7104988527297974, 0.7243987166881561, 0.7210612893104553, 0.7240438377857208, 0.7332692909240722, 0.7283327555656434, 0.7344330310821533, 0.7356835770606994, 0.7380102002620696, 0.7319284641742706, 0.7419690346717834, 0.7434418523311614, 0.7430194997787476, 0.7430068409442901, 0.7423462009429932, 0.6841552710533142, 0.6910561919212341, 0.6878622615337372, 0.6839841496944428, 0.6842224073410034, 0.6126277923583985, 0.6592322301864624, 0.6547389554977417, 0.6271047830581665, 0.6330002737045288, 0.6083756315708161, 0.6252355015277863, 0.6204148995876312, 0.6229733908176422, 0.608159009218216, 0.5991558921337128, 0.6012373471260071, 0.5933898270130158, 0.583059298992157, 0.5907174706459045], "PSNR": [15.285121173858643, 20.190546875, 20.961252250671386, 21.23525173187256, 21.667076454162597, 20.798520584106445, 21.97933734893799, 22.060869140625, 22.49113479614258, 22.285943336486817, 22.239307556152344, 22.536350860595704, 22.375291862487792, 22.673218536376954, 23.15959415435791, 22.710446815490723, 23.15438117980957, 23.098833808898927, 23.123441429138182, 23.39990203857422, 23.251529426574706, 23.058991622924804, 23.30757225036621, 23.395852699279786, 23.53505332946777, 22.91435302734375, 23.68023338317871, 23.414122810363768, 23.460421905517578, 23.73370403289795, 23.52157081604004, 23.798516998291017, 23.75939350128174, 23.778539886474608, 23.706775817871094, 23.919528579711915, 23.963198089599608, 23.85365409851074, 24.08174201965332, 23.964794960021973, 21.755071258544923, 21.456062545776366, 21.380400619506837, 21.332565002441406, 20.930924644470213, 17.634584426879883, 19.603593826293945, 20.342911262512207, 19.53909996032715, 19.814494400024415, 18.190003185272218, 20.447327919006348, 20.368461227416994, 20.438942527770998, 20.77395854949951, 20.473273010253905, 20.740714149475096, 20.786031799316405, 20.69270778656006, 21.07772445678711]}