{"Epoch": [1, 2, 3, 4, 5, 6, 7, 8, 9, 10, 1, 2, 3, 4, 5, 6, 7, 8, 9, 10, 1, 2, 3, 4, 5, 6, 7, 8, 9, 10, 1, 2, 3, 4, 5, 6, 7, 8, 9, 10, 1, 2, 3, 4, 5, 6, 7, 8, 9, 10, 11, 12, 13, 14, 15, 16, 17, 18, 19, 20], "Loss": [1.15297532081604, 1.0736387968063354, 1.0539610385894775, 0.9547783136367798, 0.9274216294288635, 0.8794634342193604, 0.8997316956520081, 0.8503233194351196, 0.8423236012458801, 0.8233953714370728, 0.8125597238540649, 0.8162943124771118, 0.7693009972572327, 0.7399970889091492, 0.8188644051551819, 0.788439929485321, 0.8265483975410461, 0.7860801219940186, 0.7551981210708618, 0.8306368589401245, 0.7539655566215515, 0.7450729012489319, 0.7751033902168274, 0.7625133395195007, 0.816714346408844, 0.7614233493804932, 0.7980538010597229, 0.7518191933631897, 0.744949460029602, 0.7287298440933228, 0.7463724613189697, 0.7507928013801575, 0.688930332660675, 0.6864570379257202, 0.7966213822364807, 0.756160318851471, 0.7637689709663391, 0.7452896237373352, 0.7219840288162231, 0.713523268699646, 0.7330878376960754, 0.7008106112480164, 0.716384768486023, 0.7225866913795471, 0.8040186762809753, 0.7708150148391724, 0.7420228719711304, 0.7799574732780457, 0.7234762907028198, 0.7241265773773193, 0.7706419229507446, 0.7728155255317688, 0.7566174864768982, 0.687739908695221, 0.7295724749565125, 0.7425065636634827, 0.746351420879364, 0.7415770292282104, 0.8267528414726257, 0.7570733428001404], "Training Time": [14.275911499978974, 8.627561999950558, 8.662073299987242, 8.663521400012542, 9.033818099997006, 9.018986399983987, 8.74206379998941, 9.348349099978805, 9.038692899979651, 8.881948700000066, 20.934275800012983, 21.153059499978554, 22.552529399981722, 21.00911579997046, 20.682727899984457, 20.816637000010815, 21.055666200001724, 21.37546750000911, 20.905727199977264, 21.197588099981658, 21.71350180002628, 20.92950829997426, 28.56014369998593, 20.60408689995529, 22.54719000001205, 20.821379700035322, 19.965233499999158, 17.114939199993387, 11.244510199991055, 14.488814599986654, 24.354596800054424, 21.997595999971963, 23.984409000026062, 20.865872199996375, 21.25197380001191, 20.492312200018205, 20.77548630000092, 20.606925500091165, 20.35916640004143, 21.28991029993631, 21.45022669993341, 31.56877449993044, 21.826947800000198, 21.39386630000081, 21.274389900034294, 20.541175900027156, 20.842718000058085, 22.259003499988467, 26.534857699996792, 20.85733409994282, 20.577878199983388, 17.71436379989609, 17.204308399930596, 13.28165010001976, 14.971246899920516, 16.423324400093406, 21.196393699967302, 11.701477800030261, 13.448383299983107, 10.720305200084113], "SSIM": [0.05359701599393572, 0.09175848428692136, 0.13932536329541886, 0.28811171650886536, 0.2795850762299129, 0.3752237047467913, 0.4216067407812391, 0.5005098155566624, 0.4550869422299521, 0.5747636045728411, 0.5936820677348545, 0.6091934612819127, 0.6223616429737636, 0.6411752956254142, 0.6187494652611869, 0.6285083719662258, 0.6400415812219892, 0.622762850352696, 0.6356526102338519, 0.6113583956445966, 0.6144160968916756, 0.6519411972590855, 0.6217696411269051, 0.6312771269253322, 0.6280148710523333, 0.6578545144626072, 0.665636488369533, 0.6588526964187622, 0.6698852266584124, 0.6778913736343384, 0.6697353294917515, 0.6767148886408124, 0.6850646308490208, 0.6893576809338161, 0.667439980166299, 0.6676984769957406, 0.6774874244417463, 0.6807541591780526, 0.6719195161546979, 0.6949619565691266, 0.6857921225684029, 0.6957088879176548, 0.6828924672944205, 0.6800929222788129, 0.6620777675083706, 0.6695719957351685, 0.6918779270989555, 0.6692439658301217, 0.6853203518050057, 0.6894531164850507, 0.674734217779977, 0.6783240692956107, 0.6881051404135567, 0.6948201315743583, 0.684442230633327, 0.6736459561756679, 0.6799101574080331, 0.6828847697802952, 0.6598704968179975, 0.6794117603983197], "PSNR": [6.1191913059779575, 6.640973636082241, 7.258561202457973, 8.950927461896624, 7.915188380650112, 10.902861867632184, 11.253555025373187, 12.22421659742083, 11.430040087018694, 16.500365121023997, 14.758190155029297, 20.546688352312362, 19.06138174874442, 19.363345827375138, 19.27532468523298, 18.85380690438407, 20.72858374459403, 20.425393513270787, 22.836335045950754, 21.53814561026437, 22.99823570251465, 23.512861524309432, 22.714364188058035, 23.440723146711075, 22.198495592389786, 22.935219083513534, 22.378340312412806, 23.424992152622767, 23.458314623151505, 23.954300471714564, 23.58400971548898, 23.404302052089147, 24.416794640677317, 24.401412146432058, 23.011832101004465, 23.279486792428152, 23.281858716692245, 23.607548577444895, 24.09140259878976, 23.331732886178152, 24.034564426967076, 24.080604008265905, 23.915552411760604, 23.686320441109793, 23.252742767333984, 23.335084915161133, 23.5435175214495, 23.33639117649623, 23.586374010358536, 24.13969830104283, 23.147950853620255, 23.73029409136091, 23.973217282976425, 24.32402719770159, 23.642844608851842, 23.804981231689453, 23.609249932425364, 23.912679399762833, 23.240033830915177, 23.512662615094865]}