{"Epoch": [1, 2, 3, 4, 5, 1, 2, 3, 4, 5, 1, 2, 3, 4, 5, 1, 2, 3, 1, 2, 3, 1, 2, 3, 1, 2, 3, 1, 2, 3, 1, 2, 3, 1, 2, 3, 1, 2, 3, 1, 2, 3, 1, 2, 3, 1, 2, 3, 1, 2, 3, 1, 2, 3, 1, 2, 3, 4, 5, 6, 7, 8, 9, 10, 1, 2, 3, 4, 5, 6, 7, 8, 9, 10], "Loss": [6.128444194793701, 3.1388261318206787, 2.9213106632232666, 2.880901575088501, 2.9479429721832275, 2.7926366329193115, 3.0400075912475586, 2.8420820236206055, 3.434657573699951, 2.8345487117767334, 2.8416054248809814, 2.707287073135376, 2.6911797523498535, 2.8846514225006104, 2.85624361038208, 2.412806510925293, 2.532463788986206, 2.507894277572632, 3.162924289703369, 2.538154125213623, 2.7479100227355957, 2.505815029144287, 2.7351510524749756, 2.721280574798584, 2.5975828170776367, 2.4676833152770996, 2.5057859420776367, 2.449584722518921, 2.6427321434020996, 2.533287525177002, 2.9592535495758057, 2.7673656940460205, 2.8592870235443115, 2.5327348709106445, 2.676257371902466, 2.6601219177246094, 2.48750638961792, 2.423182249069214, 2.5424411296844482, 0.22850647568702698, 0.20701511204242706, 0.1814996302127838, 2.683917760848999, 2.7548458576202393, 2.298880100250244, 2.160647392272949, 2.272695302963257, 2.216040849685669, 2.3179233074188232, 2.521158218383789, 2.316783905029297, 2.852147340774536, 2.621589422225952, 2.633279800415039, 2.74177622795105, 2.480170488357544, 2.4882333278656006, 2.539067268371582, 2.4573540687561035, 2.369845390319824, 2.7428815364837646, 2.4740731716156006, 2.6185970306396484, 2.475937604904175, 2.4250478744506836, 2.349133014678955, 2.3742780685424805, 2.2305924892425537, 2.3288111686706543, 2.3542819023132324, 2.3320603370666504, 2.4107327461242676, 2.1843509674072266, 2.349302053451538], "Training Time": [8.472827300000063, 8.47045689999868, 8.501600999999937, 8.476147299999866, 8.466123599999264, 8.521920499999396, 8.517177300000185, 8.635568000001513, 8.492678500002512, 8.508605300001364, 8.484547899999598, 8.459390100000746, 8.462392200002796, 8.576787400001194, 8.598657499998808, 8.650614700000006, 8.898786400000972, 8.657792699999845, 8.47156299999915, 8.467104300001665, 8.46690049999961, 8.528020199999446, 8.458668900002522, 8.512387599999784, 8.48429759999999, 8.41158600000199, 8.488753000001452, 8.558801800001675, 8.556365899996308, 8.514016399996763, 8.508794900000794, 8.532479999994393, 8.515883100000792, 8.796603200004029, 8.523689000001468, 8.60991279999871, 8.487730699998792, 8.562933699999121, 8.490101499999582, 8.45684419999452, 8.349882700000308, 8.372027799996431, 8.505234999996901, 8.532498499997018, 8.682501300005242, 8.584685800000443, 8.476640199995018, 8.495720299993991, 8.634275199998228, 8.477764399998705, 8.499754600001324, 8.565578000001551, 8.5184064999994, 8.49153330000263, 8.544655999998213, 8.502145300000848, 8.49709989999974, 8.533788900000218, 8.523775699999533, 8.543366500001866, 8.496295600001758, 8.505554299998039, 8.545867799999542, 8.52293049999571, 8.504587499999616, 8.517303000000538, 8.527523699995072, 8.528563200001372, 8.501368199998979, 8.658223799997359, 8.53678320000472, 8.535975500002678, 8.511444299998402, 8.67500260000088], "SSIM": [0.22162164747714996, 0.3527836629322597, 0.37580989939825876, 0.35606929659843445, 0.3544804262263434, 0.38364980476243155, 0.3456111550331116, 0.370382696390152, 0.3283156433275768, 0.3937440642288753, 0.3774214472089495, 0.41847136190959383, 0.4002745449542999, 0.3788194954395294, 0.39116448163986206, 0.3977397382259369, 0.3793229375566755, 0.37750357389450073, 0.2804330906697682, 0.3767842522689274, 0.33860042904104504, 0.35281545349529814, 0.3112861045769283, 0.3263845869473049, 0.3287407457828522, 0.3597881474665233, 0.3454662561416626, 0.3551011234521866, 0.3151062684399741, 0.3514073831694467, 0.11853652447462082, 0.17251333168574742, 0.1883530808346612, 0.24003065058163234, 0.2551895486457007, 0.2773487993649074, 0.2837591937610081, 0.30758805360112873, 0.2771886076245989, 0.5429871167455401, 0.5859698057174683, 0.6370007651192802, 0.4461103550025395, 0.45266070110457285, 0.4977002910205296, 0.5521944718701499, 0.5185646287032536, 0.5370481908321381, 0.5447399233068738, 0.5172249334199088, 0.5255006977490017, 0.17654975397246225, 0.22799075288431986, 0.24664421379566193, 0.2589746905224664, 0.3027787464005606, 0.3121074991566794, 0.31186011007853914, 0.34530472329684664, 0.34316446099962505, 0.3110813668795994, 0.33632502811295645, 0.3056607076099941, 0.37201200638498577, 0.3855182017598833, 0.3914680651256016, 0.40824718134743826, 0.4245560680116926, 0.43092273814337595, 0.4323758142335074, 0.41836329443114145, 0.4163082412311009, 0.4490793262209211, 0.4206013934952872], "PSNR": [-0.8173617465155465, 10.651751790727888, 11.182355199541364, 9.740540027618408, 10.761887277875628, 10.486312185014997, 8.503064564296178, 10.470748628888812, 4.42582876767431, 9.613231182098389, 11.35017626626151, 10.905576433454241, 11.613631248474121, 11.223940168108259, 11.214411054338727, 10.84029415675572, 11.395099912370954, 11.123769215175084, 4.944057645542281, 9.543502535138812, 8.067777633666992, 9.016984054020472, 6.642653703689575, 10.949508666992188, 9.24599552154541, 10.031207084655762, 10.572223663330078, 10.659475871494838, 10.441628183637347, 9.78618219920567, 5.893907615116665, 6.254948241370065, 0.8093759715557098, 6.554341179983957, 0.2628040313720703, 5.629343926906586, 9.524209158761161, 7.321898715836661, -0.45766509643622805, 9.142142380986895, 9.26843158687864, 15.076029641287667, 6.953079189573016, 7.027680141585214, 10.919996193477086, 13.9865174974714, 11.256334849766322, 11.449846923351288, 13.539983476911273, 9.098604483263832, 14.571209907531738, 8.096350806100029, 8.688197817121234, 6.464364733014788, 6.927566937037876, 9.337049211774554, 8.792238780430385, 8.887449741363525, 8.856411048344203, 9.554565838405065, 5.894818578447614, 9.422351973397392, 5.647672891616821, 11.083445412772042, 10.554626839501518, 9.258575975894928, 10.050070043121066, 11.212897368839808, 11.358587673732213, 12.61509622846331, 12.57262931551252, 12.322969232286725, 13.291105951581683, 13.423973900931221]}