{"Epoch": [1, 2, 3, 4, 5], "Loss": [2.2251739501953125, 2.290621280670166, 2.2690045833587646, 2.1386678218841553, 2.288804054260254], "Training Time": [8.514349500008393, 8.451016600010917, 8.454718499997398, 8.42607549999957, 8.4518072999781], "SSIM": [0.6734800888941839, 0.6566922481243427, 0.6754465424097501, 0.6765435429719778, 0.6720225077409011], "PSNR": [17.335027621342586, 17.55049390059251, 17.680036911597618, 18.746721487778885, 18.09116084759052]}