Epoch,Loss,Training Time,SSIM,PSNR
1,2.2251739501953125,8.514349500008393,0.6734800888941839,17.335027621342586
2,2.290621280670166,8.451016600010917,0.6566922481243427,17.55049390059251
3,2.2690045833587646,8.454718499997398,0.6754465424097501,17.680036911597618
4,2.1386678218841553,8.42607549999957,0.6765435429719778,18.746721487778885
5,2.288804054260254,8.4518072999781,0.6720225077409011,18.09116084759052
