{"Epoch": [1, 2, 3, 4, 5], "Loss": [2.439246892929077, 2.299198865890503, 2.2796666622161865, 2.344499349594116, 2.275689125061035], "Training Time": [53.881258599983994, 52.09086319999187, 51.97193010000046, 51.98963550000917, 51.99188809999032], "SSIM": [0.6355070254206657, 0.6564090883731842, 0.6591290539503097, 0.6538153719902039, 0.6692903804779052], "PSNR": [16.354556713104248, 17.205738973617553, 17.006757555007933, 16.991808137893678, 17.369444942474367]}