{"Epoch": [1, 2, 3, 4, 5, 6, 7, 8, 9, 10, 11, 12, 13, 14, 15, 16, 17, 18, 19, 20, 1, 2, 3, 4, 5, 6, 7, 8, 9, 10, 11, 12, 13, 14, 15, 16, 17, 18, 19, 20], "Loss": [0.4279499351978302, 0.372610479593277, 0.3490158021450043, 0.3362884521484375, 0.3281458616256714, 0.3181571066379547, 0.3178623616695404, 0.3120516836643219, 0.3050590753555298, 0.3042161464691162, 0.3040621876716614, 0.29667797684669495, 0.2960062026977539, 0.2921765446662903, 0.2924075126647949, 0.2919493019580841, 0.29062938690185547, 0.2870735824108124, 0.28703588247299194, 0.28681671619415283, 0.2820499837398529, 0.27903735637664795, 0.27860307693481445, 0.280525803565979, 0.2790142297744751, 0.2834922969341278, 0.2798401117324829, 0.27888426184654236, 0.2784155309200287, 0.2808726131916046, 0.27812808752059937, 0.27838894724845886, 0.2801705002784729, 0.27897900342941284, 0.2785525321960449, 0.27797219157218933, 0.2780323624610901, 0.27836108207702637, 0.27879419922828674, 0.2773075997829437], "Training Time": [55.97023749999971, 51.623757999999725, 51.727598299999954, 51.54360580000002, 51.71484659999987, 51.67080780000015, 51.60552510000025, 51.596078300000045, 51.58907339999996, 51.77575560000014, 51.68798269999979, 51.708044399999835, 51.59663390000014, 51.69797589999962, 51.78733779999993, 51.628044300000056, 51.65490129999989, 51.6070394999997, 51.63251300000002, 51.70429759999979, 56.31396810000024, 51.570394999999735, 51.68568499999992, 51.69187120000015, 51.581615700000384, 51.76734459999989, 51.81250850000015, 51.61880350000001, 51.596120200000314, 51.64658340000051, 51.627657800000634, 51.617780000000494, 51.7743989999999, 51.63041109999995, 51.73294029999943, 51.75419629999942, 51.619580900000074, 51.616669800000636, 51.65812929999993, 51.61207490000015], "SSIM": [0.09154869492165744, 0.20161444187164307, 0.28441360980272296, 0.3334847164154053, 0.3882903492450714, 0.45533717930316925, 0.48421767592430115, 0.489485490322113, 0.4939585107564926, 0.49130563497543334, 0.49884165585041046, 0.5014293754100799, 0.49990733206272125, 0.4960835349559784, 0.4992562747001648, 0.48878436386585233, 0.4833867293596268, 0.48589053928852083, 0.48787471890449524, 0.4867858386039734, 0.487527888417244, 0.4809780836105347, 0.4900963085889816, 0.4825722396373749, 0.48282592475414277, 0.4808394622802734, 0.4862278324365616, 0.4878318643569946, 0.48510481834411623, 0.4829507231712341, 0.48551980435848235, 0.47978268265724183, 0.4792196422815323, 0.4792032963037491, 0.47982075572013855, 0.48020422101020815, 0.48254087507724763, 0.47898095548152925, 0.48085407853126527, 0.4767440718412399], "PSNR": [7.241214952468872, 8.659827394485474, 9.202191305160522, 10.4628542137146, 11.731942863464356, 13.893459587097167, 14.46877347946167, 16.86717430114746, 19.06106819152832, 19.864176445007324, 18.95144329071045, 20.774174308776857, 21.088851470947265, 20.996822090148925, 21.09540470123291, 21.02010715484619, 21.087177543640138, 21.203269157409668, 21.269180641174316, 21.15834358215332, 21.362021293640137, 21.481484451293944, 21.386483726501464, 21.4089612197876, 21.55748893737793, 21.285707054138182, 21.4493692779541, 21.36447368621826, 21.48309669494629, 21.294964370727538, 21.38220245361328, 21.345065460205078, 21.35195053100586, 21.51644691467285, 21.40586883544922, 21.354500503540038, 21.3309330368042, 21.43274227142334, 21.44706169128418, 21.098825340270995]}