{"Epoch": [1, 2, 3, 4, 5, 6, 7, 8, 9, 10, 11, 12, 13, 14, 15, 16, 17, 18, 19, 20, 1, 2, 3, 4, 5, 6, 7, 8, 9, 10, 11, 12, 13, 14, 15, 16, 17, 18, 19, 20, 1, 2, 3, 4, 5, 6, 7, 8, 9, 10, 11, 12, 13, 14, 15, 16, 17, 18, 19, 20, 1, 2, 3, 4, 5, 6, 7, 8, 9, 10, 11, 12, 13, 14, 15, 16, 17, 18, 19, 20, 1, 2, 3, 4, 5, 6, 7, 8, 9, 10, 11, 12, 13, 14, 15, 16, 17, 18, 19, 20, 1, 2, 3, 4, 5, 6, 7, 8, 9, 10, 11, 12, 13, 14, 15, 16, 17, 18, 19, 20, 1, 2, 3, 4, 5, 6, 7, 8, 9, 10, 11, 12, 13, 14, 15, 16, 17, 18, 19, 20, 21, 22, 23, 24, 25, 26, 27, 28, 29, 30, 31, 32, 33, 34, 35, 36, 37, 38, 39, 40, 1, 2, 3, 4, 5, 6, 7, 8, 9, 10, 11, 12, 13, 14, 15, 16, 17, 18, 19, 20, 21, 22, 23, 24, 25, 26, 27, 28, 29, 30, 31, 32, 33, 34, 35, 36, 37, 38, 39, 40], "Loss": [0.4279499351978302, 0.372610479593277, 0.3490158021450043, 0.3362884521484375, 0.3281458616256714, 0.3181571066379547, 0.3178623616695404, 0.3120516836643219, 0.3050590753555298, 0.3042161464691162, 0.3040621876716614, 0.29667797684669495, 0.2960062026977539, 0.2921765446662903, 0.2924075126647949, 0.2919493019580841, 0.29062938690185547, 0.2870735824108124, 0.28703588247299194, 0.28681671619415283, 0.2820499837398529, 0.27903735637664795, 0.27860307693481445, 0.280525803565979, 0.2790142297744751, 0.2834922969341278, 0.2798401117324829, 0.27888426184654236, 0.2784155309200287, 0.2808726131916046, 0.27812808752059937, 0.27838894724845886, 0.2801705002784729, 0.27897900342941284, 0.2785525321960449, 0.27797219157218933, 0.2780323624610901, 0.27836108207702637, 0.27879419922828674, 0.2773075997829437, 0.281955851316452, 0.2832862448692322, 0.2826020228862762, 0.2867873811721802, 0.28846657276153564, 0.28885120153427124, 0.28384527564048767, 0.2804221212863922, 0.2797155976295471, 0.27561452984809875, 0.2753048539161682, 0.27918586134910583, 0.27620458602905273, 0.27343422174453735, 0.27253007888793945, 0.26965299248695374, 0.2663477957248688, 0.2704038619995117, 0.2688906490802765, 0.2725132405757904, 0.2642974555492401, 0.26351305842399597, 0.26122772693634033, 0.26418113708496094, 0.2613895833492279, 0.25977623462677, 0.26042440533638, 0.2610088586807251, 0.2607061564922333, 0.25935471057891846, 0.25782012939453125, 0.26008015871047974, 0.25678083300590515, 0.2598056197166443, 0.2594878077507019, 0.2602677345275879, 0.257811576128006, 0.25958824157714844, 0.2585325837135315, 0.25676214694976807, 0.2553395628929138, 0.25908875465393066, 0.25939804315567017, 0.2575969696044922, 0.2582470178604126, 0.26122379302978516, 0.26030585169792175, 0.2585814595222473, 0.258958101272583, 0.25516387820243835, 0.25763222575187683, 0.25753355026245117, 0.25803059339523315, 0.2558337450027466, 0.2567733824253082, 0.26101940870285034, 0.25687846541404724, 0.2569664418697357, 0.25590306520462036, 0.25809726119041443, 0.25751397013664246, 0.2567102313041687, 0.2584550678730011, 0.2549300789833069, 0.25628551840782166, 0.2565961480140686, 0.2581462860107422, 0.2568822205066681, 0.2571108341217041, 0.2598663568496704, 0.25711575150489807, 0.25480854511260986, 0.25525766611099243, 0.255336195230484, 0.2577859163284302, 0.2564443051815033, 0.25425148010253906, 0.2540212869644165, 0.25783777236938477, 0.2555987238883972, 0.2570015788078308, 0.25676918029785156, 0.25788649916648865, 0.2582972049713135, 0.25523674488067627, 0.25180113315582275, 0.2545350193977356, 0.2536332905292511, 0.2582458257675171, 0.25757357478141785, 0.2556702494621277, 0.2538948357105255, 0.25460192561149597, 0.25685468316078186, 0.2537141442298889, 0.2543110251426697, 0.2547926902770996, 0.2567957937717438, 0.2550796866416931, 0.25738465785980225, 0.253463476896286, 0.2577058672904968, 0.25574052333831787, 0.25614169239997864, 0.2571653723716736, 0.2538016438484192, 0.2570151090621948, 0.25690802931785583, 0.25642701983451843, 0.2558850347995758, 0.25613319873809814, 0.2565218508243561, 0.25570163130760193, 0.2565898001194, 0.25687897205352783, 0.2542795240879059, 0.2540881931781769, 0.2553437650203705, 0.2535940706729889, 0.255851686000824, 0.25251826643943787, 0.2532291114330292, 0.257016122341156, 0.2560948431491852, 0.2541029453277588, 0.25668975710868835, 0.25061023235321045, 0.2519112825393677, 0.25454261898994446, 0.2557520866394043, 0.2550835907459259, 0.2556011378765106, 0.2545793652534485, 0.2539966404438019, 0.25243300199508667, 0.2556564509868622, 0.25775977969169617, 0.25302326679229736, 0.25498300790786743, 0.255339115858078, 0.2540947496891022, 0.2541293799877167, 0.254478394985199, 0.25460705161094666, 0.25179097056388855, 0.2557714879512787, 0.2559581995010376, 0.2540262043476105, 0.255392849445343, 0.25082123279571533, 0.2525489032268524, 0.2544836103916168, 0.2552987337112427, 0.2529323697090149, 0.2547095715999603, 0.2532188296318054, 0.2537180185317993, 0.2539992928504944, 0.2529260516166687, 0.2547231614589691],