{"Epoch": [1, 2, 3, 4, 5, 6, 7, 8, 9, 10, 11, 12, 13, 14, 15, 16, 17, 18, 19, 20, 1, 2, 3, 4, 5, 6, 7, 8, 9, 10, 11, 12, 13, 14, 15, 16, 17, 18, 19, 20, 1, 2, 3, 4, 5, 6, 7, 8, 9, 10, 11, 12, 13, 14, 15, 16, 17, 18, 19, 20, 1, 2, 3, 4, 5, 6, 7, 8, 9, 10, 11, 12, 13, 14, 15, 16, 17, 18, 19, 20, 1, 2, 3, 4, 5, 6, 7, 8, 9, 10, 11, 12, 13, 14, 15, 16, 17, 18, 19, 20, 1, 2, 3, 4, 5, 6, 7, 8, 9, 10, 11, 12, 13, 14, 15, 16, 17, 18, 19, 20, 1, 2, 3, 4, 5, 6, 7, 8, 9, 10, 11, 12, 13, 14, 15, 16, 17, 18, 19, 20, 21, 22, 23, 24, 25, 26, 27, 28, 29, 30, 31, 32, 33, 34, 35, 36, 37, 38, 39, 40, 1, 2, 3, 4, 5, 6, 7, 8, 9, 10, 11, 12, 13, 14, 15, 16, 17, 18, 19, 20, 21, 22, 23, 24, 25, 26, 27, 28, 29, 30, 31, 32, 33, 34, 35, 36, 37, 38, 39, 40], "Loss": [0.3843987286090851, 0.3660535216331482, 0.35007092356681824, 0.33693990111351013, 0.32728299498558044, 0.32342010736465454, 0.3149416148662567, 0.3117690980434418, 0.3093985915184021, 0.30568042397499084, 0.3000721037387848, 0.3073562681674957, 0.29766640067100525, 0.29266881942749023, 0.2956436574459076, 0.28815650939941406, 0.2950591444969177, 0.2916182279586792, 0.28513622283935547, 0.28501713275909424, 0.28441494703292847, 0.28800246119499207, 0.29573580622673035, 0.2905768156051636, 0.28085845708847046, 0.2841894030570984, 0.286898136138916, 0.2855231463909149, 0.28212594985961914, 0.28342801332473755, 0.2855874300003052, 0.2877504229545593, 0.2905946373939514, 0.2821890115737915, 0.28703179955482483, 0.2872253656387329, 0.28884240984916687, 0.27724489569664, 0.286264568567276, 0.2879715859889984, 0.2852404737472534, 0.2873750042915344, 0.2872199523448944, 0.29006206035614013, 0.28398263454437256, 0.28940555453300476, 0.29028376936912537, 0.28143808245658875, 0.2828732430934906, 0.2739109396934509, 0.286919504404068, 0.29569166898727417, 0.2877815365791321, 0.27940621972084045, 0.2793387770652771, 0.27561938762664795, 0.27237701416015625, 0.2758215069770813, 0.27342841029167175, 0.2854436933994293, 0.2689681947231293, 0.26405709981918335, 0.26001298427581787, 0.2701178789138794, 0.25929927825927734, 0.26807862520217896, 0.26355740427970886, 0.27012336254119873, 0.2592225968837738, 0.2600378394126892, 0.27019986510276794, 0.25937989354133606, 0.26597681641578674, 0.2644710838794708, 0.26709339022636414, 0.2620840072631836, 0.25951075553894043, 0.26714417338371277, 0.2631208598613739, 0.26626056432724, 0.2615647614002228, 0.261330246925354, 0.2698655128479004, 0.26970160007476807, 0.2703581750392914, 0.2658856511116028, 0.25882482528686523, 0.2677151560783386, 0.2647853493690491, 0.25406092405319214, 0.266629695892334, 0.26384973526000977, 0.2593587338924408, 0.25844132900238037, 0.25737079977989197, 0.2616696357727051, 0.2670047879219055, 0.2657734751701355, 0.2620376944541931, 0.2541983723640442, 0.2616422176361084, 0.25889572501182556, 0.260379433631897, 0.26286375522613525, 0.26659199595451355, 0.25363531708717346, 0.25792181491851807, 0.2602043151855469, 0.26481735706329346, 0.25497716665267944, 0.2575632631778717, 0.25755029916763306, 0.2472117841243744, 0.25744956731796265, 0.26225146651268005, 0.27149850130081177, 0.26370149850845337, 0.2600347697734833, 0.2567051649093628, 0.25841909646987915, 0.25632423162460327, 0.26157334446907043, 0.2530920207500458, 0.25885486602783203, 0.25659996271133423, 0.26185333728790283, 0.2625747323036194, 0.26595497131347656, 0.2639039158821106, 0.2509540319442749, 0.2643581032752991, 0.26816222071647644, 0.25246864557266235, 0.262212336063385, 0.2618406414985657, 0.2527214288711548, 0.2530845105648041, 0.2536908686161041, 0.26186662912368774, 0.25967442989349365, 0.25799688696861267, 0.2605893909931183, 0.2603526711463928, 0.2654513716697693, 0.2622937262058258, 0.2578708231449127, 0.26129910349845886, 0.2587350308895111, 0.2592180371284485, 0.2603222131729126, 0.26182621717453003, 0.25707679986953735, 0.2635939121246338, 0.257123202085495, 0.2569800615310669, 0.26699066162109375, 0.25963258743286133, 0.25624364614486694, 0.2622329890727997, 0.26777371764183044, 0.26025375723838806, 0.2604529559612274, 0.26269766688346863, 0.25252780318260193, 0.2615022659301758, 0.2648713290691376, 0.258465051651001, 0.2560979127883911, 0.2627856135368347, 0.2574891448020935, 0.2632366120815277, 0.2639917731285095, 0.2642367482185364, 0.26316535472869873, 0.2515527307987213, 0.2561708092689514, 0.26709362864494324, 0.2536686360836029, 0.25168728828430176, 0.257365882396698, 0.2601189613342285, 0.25890374183654785, 0.2538575232028961, 0.2573409974575043, 0.26318344473838806, 0.25000739097595215, 0.2563936412334442, 0.26392829418182373, 0.2593151032924652, 0.2551576495170593, 0.2587709426879883, 0.2668066918849945, 0.2558344304561615, 0.25560855865478516, 0.26000261306762695, 0.25587430596351624, 0.2579335570335388, 0.24981333315372467, 0.24808159470558167, 0.2615264654159546],