{"Epoch": [1, 2, 3, 4, 5, 6, 7, 8, 9, 10, 11, 12, 13, 14, 15, 16, 17, 18, 19, 20, 1, 2, 3, 4, 5, 6, 7, 8, 9, 10, 11, 12, 13, 14, 15, 16, 17, 18, 19, 20, 1, 2, 3, 4, 5, 6, 7, 8, 9, 10, 11, 12, 13, 14, 15, 16, 17, 18, 19, 20, 1, 2, 3, 4, 5, 6, 7, 8, 9, 10, 11, 12, 13, 14, 15, 16, 17, 18, 19, 20, 1, 2, 3, 4, 5, 6, 7, 8, 9, 10, 11, 12, 13, 14, 15, 16, 17, 18, 19, 20, 1, 2, 3, 4, 5, 6, 7, 8, 9, 10, 11, 12, 13, 14, 15, 16, 17, 18, 19, 20], "Loss": [0.3843987286090851, 0.3660535216331482, 0.35007092356681824, 0.33693990111351013, 0.32728299498558044, 0.32342010736465454, 0.3149416148662567, 0.3117690980434418, 0.3093985915184021, 0.30568042397499084, 0.3000721037387848, 0.3073562681674957, 0.29766640067100525, 0.29266881942749023, 0.2956436574459076, 0.28815650939941406, 0.2950591444969177, 0.2916182279586792, 0.28513622283935547, 0.28501713275909424, 0.28441494703292847, 0.28800246119499207, 0.29573580622673035, 0.2905768156051636, 0.28085845708847046, 0.2841894030570984, 0.286898136138916, 0.2855231463909149, 0.28212594985961914, 0.28342801332473755, 0.2855874300003052, 0.2877504229545593, 0.2905946373939514, 0.2821890115737915, 0.28703179955482483, 0.2872253656387329, 0.28884240984916687, 0.27724489569664, 0.286264568567276, 0.2879715859889984, 0.2852404737472534, 0.2873750042915344, 0.2872199523448944, 0.29006206035614014, 0.28398263454437256, 0.28940555453300476, 0.29028376936912537, 0.28143808245658875, 0.2828732430934906, 0.2739109396934509, 0.286919504404068, 0.29569166898727417, 0.2877815365791321, 0.27940621972084045, 0.2793387770652771, 0.27561938762664795, 0.27237701416015625, 0.2758215069770813, 0.27342841029167175, 0.2854436933994293, 0.2689681947231293, 0.26405709981918335, 0.26001298427581787, 0.2701178789138794, 0.25929927825927734, 0.26807862520217896, 0.26355740427970886, 0.27012336254119873, 0.2592225968837738, 0.2600378394126892, 0.27019986510276794, 0.25937989354133606, 0.26597681641578674, 0.2644710838794708, 0.26709339022636414, 0.2620840072631836, 0.25951075553894043, 0.26714417338371277, 0.2631208598613739, 0.26626056432724, 0.2615647614002228, 0.261330246925354, 0.2698655128479004, 0.26970160007476807, 0.2703581750392914, 0.2658856511116028, 0.25882482528686523, 0.2677151560783386, 0.2647853493690491, 0.25406092405319214, 0.266629695892334, 0.26384973526000977, 0.2593587338924408, 0.25844132900238037, 0.25737079977989197, 0.2616696357727051, 0.2670047879219055, 0.2657734751701355, 0.2620376944541931, 0.2541983723640442, 0.2616422176361084, 0.25889572501182556, 0.260379433631897, 0.26286375522613525, 0.26659199595451355, 0.25363531708717346, 0.25792181491851807, 0.2602043151855469, 0.26481735706329346, 0.25497716665267944, 0.2575632631778717, 0.25755029916763306, 0.2472117841243744, 0.25744956731796265, 0.26225146651268005, 0.27149850130081177, 0.26370149850845337, 0.2600347697734833, 0.2567051649093628, 0.25841909646987915], "Training Time": [8.968037500000264, 8.486161899999843, 8.458041399999729, 8.458847999999762, 8.467539100000067, 8.458237800000006, 8.458489399999962, 8.478675800000019, 8.467452500000036, 8.47785840000006, 8.477243199999975, 8.468292699999893, 8.45335840000007, 8.469002499999988, 8.446744200000012, 8.485560499999792, 8.471137400000316, 8.471899900000153, 8.450741499999822, 8.758903999999802, 8.483129900000222, 8.456175399999665, 8.474156300000232, 8.447362599999906, 8.468848400000297, 8.46316139999999, 8.490170900000066, 8.47990690000006, 8.476002599999902, 8.452404899999237, 8.475318299999344, 8.451374800000849, 8.4634118999993, 8.468857699999717, 8.457571500000086, 8.456745299999966, 8.446093100000326, 8.468719399999827, 8.457619200000408, 8.435393300000214, 8.47948180000003, 8.46248850000029, 8.479440000000068, 8.483753200000137, 8.530444499999248, 8.465840200000457, 8.490341899999294, 8.443810499999927, 8.459900500000003, 8.470639799999844, 8.465455099999417, 8.444177899999886, 8.514763300000595, 8.460442599999624, 8.43703590000041, 8.515723600000456, 8.437519399999474, 8.471579699999893, 8.45110719999957, 8.42120100000011, 8.479543500000545, 8.465529199999764, 8.441732399999637, 8.48811569999998, 8.477931999999782, 8.474651900000026, 8.444965600000614, 8.470286199999464, 8.466548999999759, 8.455786099999386, 8.485686600000008, 8.475442699999803, 8.463120600000366, 8.461659300000065, 8.47090389999994, 8.460553199999595, 8.487238600000637, 8.481867399999828, 8.467560200000662, 8.44483450000007, 8.491094400000293, 8.551320799999303, 8.6226714000004, 8.444486099999267, 8.434593100000711, 8.443652800000564, 8.445969100001093, 8.45904679999876, 8.439335199998823, 8.455077799999344, 8.456969599999866, 8.453809900000124, 8.458294600000954, 8.430369600000631, 8.447144300000218, 8.463742099998854, 8.469119400000636, 8.454804900000454, 8.449015200001668, 8.437059300000328, 8.437173899999834, 8.423180099998717, 8.432933299998695, 8.474855299999035, 8.414446200000384, 8.480194300000221, 8.464759300000878, 8.44976399999905, 8.465665199999421, 8.453817300000082, 8.466307599999709, 8.438561099999788, 8.461515799999688, 8.464628199999424, 8.44687519999934, 8.463733100001264, 8.442590499998914, 8.448034999999436, 8.575717200001236, 8.451321099999404], "SSIM": [0.18347761034965515, 0.2598296318735395, 0.3204709546906607, 0.3456124791077205, 0.4285812037331717, 0.4927105094705309, 0.481802156993321, 0.47296421442713055, 0.5088690263884408, 0.4988948404788971, 0.5224605670997075, 0.493900865316391, 0.5178906108651843, 0.5001831608159202, 0.5044726218496051, 0.509719831602914, 0.49521991184779574, 0.4973719247749874, 0.48773911595344543, 0.501837066241673, 0.49642001731055124, 0.4997516870498657, 0.4906810649803707, 0.48556252462523325, 0.5011926633971078, 0.48983907273837496, 0.4912130449499403, 0.4975352031844003, 0.4881228634289333, 0.4918742520468576, 0.5072124344961983, 0.5035062091691154, 0.4882357801709856, 0.5018958875111171, 0.4929391826902117, 0.49166050979069303, 0.5020495866026197, 0.48738410643168856, 0.4889761805534363, 0.48823786633355276, 0.3106738882405417, 0.5621370162282672, 0.6043864488601685, 0.6563512512615749, 0.5802241052900042, 0.5524339718478066, 0.5855737158230373, 0.5803191917283195, 0.5412506375994001, 0.6247769253594535, 0.6398976530347552, 0.5210005428109851, 0.5545223099844796, 0.6234108465058463, 0.6150477698871067, 0.6119722553661892, 0.5856422781944275, 0.5274587784494672, 0.5651963949203491, 0.543805752481733, 0.5501283747809274, 0.5460290483066014, 0.545291176864079, 0.5569062403270176, 0.5469144582748413, 0.5403785705566406, 0.5490656920841762, 0.5392386061804635, 0.5572489329746791, 0.5520336287362235, 0.5649459276880536, 0.5631222639765058, 0.57623861517225, 0.5566706231662205, 0.5457495365824018, 0.5697645715304783, 0.5562786545072284, 0.547245706830706, 0.5561964426721845, 0.5631927336965289, 0.5398187807628086, 0.5600391115461077, 0.5650061028344291, 0.5485267128263202, 0.5395174111638751, 0.5585361037935529, 0.5523133192743573, 0.53037771156856, 0.5570436120033264, 0.5435267005647931, 0.5563334226608276, 0.5589246835027423, 0.5616593871797834, 0.5549470782279968, 0.5642728294645037, 0.5806684834616525, 0.5602512104170663, 0.5648384434836251, 0.5670108113970075, 0.5685070753097534, 0.5588500073977879, 0.5814523271151951, 0.5585150803838458, 0.5563050253050668, 0.5746125834328788, 0.5831923314503261, 0.5770814418792725, 0.5561157464981079, 0.5885198286601475, 0.5658331598554339, 0.5845028672899518, 0.5870599661554609, 0.6046359198434013, 0.5711354102407183, 0.5820826036589486, 0.5835924659456525, 0.5864346282822746, 0.5892518418175834, 0.5859039085251945, 0.583511871950967],