{"Epoch": [1, 2, 3, 4, 5, 6, 7, 8, 9, 10, 11, 12, 13, 14, 15, 16, 17, 18, 19, 20, 1, 2, 3, 4, 5, 6, 7, 8, 9, 10, 11, 12, 13, 14, 15, 16, 17, 18, 19, 20], "Loss": [0.3843987286090851, 0.3660535216331482, 0.35007092356681824, 0.33693990111351013, 0.32728299498558044, 0.32342010736465454, 0.3149416148662567, 0.3117690980434418, 0.3093985915184021, 0.30568042397499084, 0.3000721037387848, 0.3073562681674957, 0.29766640067100525, 0.29266881942749023, 0.2956436574459076, 0.28815650939941406, 0.2950591444969177, 0.2916182279586792, 0.28513622283935547, 0.28501713275909424, 0.28441494703292847, 0.28800246119499207, 0.29573580622673035, 0.2905768156051636, 0.28085845708847046, 0.2841894030570984, 0.286898136138916, 0.2855231463909149, 0.28212594985961914, 0.28342801332473755, 0.2855874300003052, 0.2877504229545593, 0.2905946373939514, 0.2821890115737915, 0.28703179955482483, 0.2872253656387329, 0.28884240984916687, 0.27724489569664, 0.286264568567276, 0.2879715859889984], "Training Time": [8.968037500000264, 8.486161899999843, 8.458041399999729, 8.458847999999762, 8.467539100000067, 8.458237800000006, 8.458489399999962, 8.478675800000019, 8.467452500000036, 8.47785840000006, 8.477243199999975, 8.468292699999893, 8.45335840000007, 8.469002499999988, 8.446744200000012, 8.485560499999792, 8.471137400000316, 8.471899900000153, 8.450741499999822, 8.758903999999802, 8.483129900000222, 8.456175399999665, 8.474156300000232, 8.447362599999906, 8.468848400000297, 8.46316139999999, 8.490170900000066, 8.47990690000006, 8.476002599999902, 8.452404899999237, 8.475318299999344, 8.451374800000849, 8.4634118999993, 8.468857699999717, 8.457571500000086, 8.456745299999966, 8.446093100000326, 8.468719399999827, 8.457619200000408, 8.435393300000214], "SSIM": [0.18347761034965515, 0.2598296318735395, 0.3204709546906607, 0.3456124791077205, 0.4285812037331717, 0.4927105094705309, 0.481802156993321, 0.47296421442713055, 0.5088690263884408, 0.4988948404788971, 0.5224605670997075, 0.493900865316391, 0.5178906108651843, 0.5001831608159202, 0.5044726218496051, 0.509719831602914, 0.49521991184779574, 0.4973719247749874, 0.48773911595344543, 0.501837066241673, 0.49642001731055124, 0.4997516870498657, 0.4906810649803707, 0.48556252462523325, 0.5011926633971078, 0.48983907273837496, 0.4912130449499403, 0.4975352031844003, 0.4881228634289333, 0.4918742520468576, 0.5072124344961983, 0.5035062091691154, 0.4882357801709856, 0.5018958875111171, 0.4929391826902117, 0.49166050979069303, 0.5020495866026197, 0.48738410643168856, 0.4889761805534363, 0.48823786633355276], "PSNR": [9.22743661063058, 9.096969195774623, 9.977669988359724, 10.818144934517997, 13.27337646484375, 14.6744384765625, 14.938698359898158, 18.704870223999023, 20.229398454938615, 20.969405582972936, 21.162936891828263, 20.51338713509696, 21.582260404314315, 21.627474648611887, 21.454929896763392, 22.042047228131974, 21.613990783691406, 21.4091671534947, 21.695186614990234, 21.39674867902483, 21.6530031476702, 21.700348717825754, 21.46086801801409, 21.528536660330637, 22.052926744733536, 21.453495298113143, 21.357902799333846, 21.84721565246582, 21.640548978533065, 21.472212382725306, 21.864830017089844, 21.491804122924805, 21.984009878976003, 21.669150488717214, 21.8194637298584, 21.090029307774135, 21.43759672982352, 22.099027361188615, 21.22527367728097, 21.626174926757812]}