{"Epoch": [1, 2, 3, 4, 5, 6, 7, 8, 9, 10, 11, 12, 13, 14, 15, 16, 17, 18, 19, 20, 1, 2, 3, 4, 5, 6, 7, 8, 9, 10, 11, 12, 13, 14, 15, 16, 17, 18, 19, 20, 1, 2, 3, 4, 5, 6, 7, 8, 9, 10, 11, 12, 13, 14, 15, 16, 17, 18, 19, 20, 1, 2, 3, 4, 5, 6, 7, 8, 9, 10, 11, 12, 13, 14, 15, 16, 17, 18, 19, 20, 1, 2, 3, 4, 5, 6, 7, 8, 9, 10, 11, 12, 13, 14, 15, 16, 17, 18, 19, 20, 1, 2, 3, 4, 5, 6, 7, 8, 9, 10, 11, 12, 13, 14, 15, 16, 17, 18, 19, 20], "Loss": [0.4279499351978302, 0.372610479593277, 0.3490158021450043, 0.3362884521484375, 0.3281458616256714, 0.3181571066379547, 0.3178623616695404, 0.3120516836643219, 0.3050590753555298, 0.3042161464691162, 0.3040621876716614, 0.29667797684669495, 0.2960062026977539, 0.2921765446662903, 0.2924075126647949, 0.2919493019580841, 0.29062938690185547, 0.2870735824108124, 0.28703588247299194, 0.28681671619415283, 0.2820499837398529, 0.27903735637664795, 0.27860307693481445, 0.280525803565979, 0.2790142297744751, 0.2834922969341278, 0.2798401117324829, 0.27888426184654236, 0.2784155309200287, 0.2808726131916046, 0.27812808752059937, 0.27838894724845886, 0.2801705002784729, 0.27897900342941284, 0.2785525321960449, 0.27797219157218933, 0.2780323624610901, 0.27836108207702637, 0.27879419922828674, 0.2773075997829437, 0.281955851316452, 0.2832862448692322, 0.28260202288627625, 0.2867873811721802, 0.28846657276153564, 0.28885120153427124, 0.28384527564048767, 0.2804221212863922, 0.2797155976295471, 0.27561452984809875, 0.2753048539161682, 0.27918586134910583, 0.27620458602905273, 0.27343422174453735, 0.27253007888793945, 0.26965299248695374, 0.2663477957248688, 0.2704038619995117, 0.2688906490802765, 0.2725132405757904, 0.2642974555492401, 0.26351305842399597, 0.26122772693634033, 0.26418113708496094, 0.2613895833492279, 0.25977623462677, 0.26042440533638, 0.2610088586807251, 0.2607061564922333, 0.25935471057891846, 0.25782012939453125, 0.26008015871047974, 0.25678083300590515, 0.2598056197166443, 0.2594878077507019, 0.2602677345275879, 0.257811576128006, 0.25958824157714844, 0.2585325837135315, 0.25676214694976807, 0.2553395628929138, 0.25908875465393066, 0.25939804315567017, 0.2575969696044922, 0.2582470178604126, 0.26122379302978516, 0.26030585169792175, 0.2585814595222473, 0.258958101272583, 0.25516387820243835, 0.25763222575187683, 0.25753355026245117, 0.25803059339523315, 0.2558337450027466, 0.2567733824253082, 0.26101940870285034, 0.25687846541404724, 0.2569664418697357, 0.25590306520462036, 0.25809726119041443, 0.25751397013664246, 0.2567102313041687, 0.2584550678730011, 0.2549300789833069, 0.25628551840782166, 0.2565961480140686, 0.2581462860107422, 0.2568822205066681, 0.2571108341217041, 0.2598663568496704, 0.25711575150489807, 0.25480854511260986, 0.25525766611099243, 0.255336195230484, 0.2577859163284302, 0.2564443051815033, 0.25425148010253906, 0.2540212869644165, 0.25783777236938477, 0.2555987238883972], "Training Time": [55.97023749999971, 51.623757999999725, 51.727598299999954, 51.54360580000002, 51.71484659999987, 51.67080780000015, 51.60552510000025, 51.596078300000045, 51.58907339999996, 51.77575560000014, 51.68798269999979, 51.708044399999835, 51.59663390000014, 51.69797589999962, 51.78733779999993, 51.628044300000056, 51.65490129999989, 51.6070394999997, 51.63251300000002, 51.70429759999979, 56.31396810000024, 51.570394999999735, 51.68568499999992, 51.69187120000015, 51.581615700000384, 51.76734459999989, 51.81250850000015, 51.61880350000001, 51.596120200000314, 51.64658340000051, 51.627657800000634, 51.617780000000494, 51.7743989999999, 51.63041109999995, 51.73294029999943, 51.75419629999942, 51.619580900000074, 51.616669800000636, 51.65812929999993, 51.61207490000015, 52.46627040000021, 51.60642490000009, 51.61679819999972, 51.74110010000004, 51.606077899999946, 51.81517580000036, 51.727304600000025, 51.577858300000116, 51.420784100000674, 51.567405699999654, 51.5700267000002, 51.54781410000032, 51.56747509999968, 51.69231510000009, 51.70713580000029, 51.74443880000035, 51.390650400000595, 51.67956830000003, 51.65678149999985, 51.57029129999955, 52.78850590000002, 51.72122720000061, 51.707319299999654, 51.68332980000014, 51.62830860000031, 51.684687199999644, 51.57070180000028, 51.7517527, 51.659106500000235, 51.67131419999987, 51.72447519999969, 51.595617400000265, 51.67900590000045, 51.58409660000052, 51.737637500000346, 51.78671880000002, 51.72376940000049, 51.7844828999996, 51.758123100000375, 51.72178890000032, 52.49333470000056, 51.50228650000099, 52.44700700000067, 51.83949710000161, 51.50584510000044, 51.57483649999995, 51.51406220000172, 51.44725440000002, 51.51749500000005, 51.50520119999965, 51.59161490000042, 51.50889649999954, 51.5011813000001, 51.6032852999997, 51.51189010000053, 51.56344710000121, 51.532386799999585, 51.552280199999586, 51.5663515999986, 51.500388599999496, 52.453507100000934, 51.216812599999685, 51.34071820000099, 51.270642399998906, 51.32016719999956, 52.593391900001734, 51.5813820000003, 51.52799210000012, 51.50873710000087, 51.579364400000486, 51.662039200000436, 51.57742470000085, 51.62056220000159, 51.58592680000038, 51.54263300000093, 51.624300700001186, 51.5277485000006, 51.5733078000012, 51.58875330000046, 51.547926900000675], "SSIM": [0.09154869492165744, 0.20161444187164307, 0.28441360980272296, 0.3334847164154053, 0.3882903492450714, 0.45533717930316925, 0.48421767592430115, 0.489485490322113, 0.4939585107564926, 0.49130563497543334, 0.49884165585041046, 0.5014293754100799, 0.49990733206272125, 0.4960835349559784, 0.4992562747001648, 0.48878436386585233, 0.4833867293596268, 0.48589053928852083, 0.48787471890449524, 0.4867858386039734, 0.487527888417244, 0.4809780836105347, 0.4900963085889816, 0.4825722396373749, 0.48282592475414277, 0.4808394622802734, 0.4862278324365616, 0.4878318643569946, 0.48510481834411623, 0.4829507231712341, 0.48551980435848235, 0.47978268265724183, 0.4792196422815323, 0.4792032963037491, 0.47982075572013855, 0.48020422101020815, 0.48254087507724763, 0.47898095548152925, 0.48085407853126527, 0.4767440718412399, 0.15941661158867645, 0.5533750128746032, 0.6166958427429199, 0.6324402070045472, 0.6124345529079437, 0.5944246649742126, 0.5946944916248321, 0.5780795097351075, 0.5999115884304047, 0.5982375657558441, 0.6096269536018372, 0.5821826082468032, 0.5985579645633697, 0.598298202753067, 0.601015944480896, 0.5996911072731018, 0.5856088161468506, 0.5689312708377838, 0.5601668405532837, 0.5581808757781982, 0.5404746967554093, 0.5388570940494537, 0.5465740078687668, 0.5431020814180374, 0.5429654830694198, 0.5492812711000442, 0.5437221050262451, 0.5406009709835052, 0.5484178435802459, 0.5451525008678436, 0.5469990181922912, 0.5440283006429673, 0.5516965633630753, 0.5515965485572815, 0.5486623394489288, 0.5461838066577911, 0.555886544585228, 0.5527075910568238, 0.5466881358623504, 0.5533565473556519, 0.5551360249519348, 0.5557150268554687, 0.5495528209209443, 0.5505804300308228, 0.5520860362052917, 0.5514352840185165, 0.5570670139789581, 0.5519652146100998, 0.549703950881958, 0.5577088165283203, 0.5574991285800934, 0.5623026776313782, 0.5561244004964828, 0.5613466167449951, 0.5609650415182114, 0.5542626953125, 0.5638448286056519, 0.5589057070016861, 0.569047087430954, 0.5642126083374024, 0.5671114671230316, 0.557466459274292, 0.5620877599716186, 0.56988754093647, 0.562297613620758, 0.5678272044658661, 0.5662056469917297, 0.5710818910598755, 0.5713817203044891, 0.5747739434242248, 0.5730000948905944, 0.5755617153644562, 0.5809060299396515, 0.5898308336734772, 0.5775197923183442, 0.580541068315506, 0.5820896255970002, 0.5823356986045838, 0.5817984676361084, 0.5780292022228241],